,Source1,Source,Genome.size..bp.,GC,Coding.density,X
'jk18x27bins.11',BZ1,C I. vansoesti,4025868,67.5,88.21,NA
'jk18x27bins.12',BZ1,C I. vansoesti,3817048,68.3,92.19,NA
'jk18x27bins.16',BZ1,C I. vansoesti,3564871,62.8,87.93,NA
'jk18x27bins.2',BZ1,C I. vansoesti,2308614,56.2,90.56,NA
'jk18x27bins.21',BZ1,C I. vansoesti,2885958,67.7,92.65,NA
'jk18x27bins.25',BZ1,C I. vansoesti,3793995,70.5,91.61,NA
'jk18x27bins.27',BZ1,C I. vansoesti,3879563,64.7,89.6,NA
'jk18x27bins.35',BZ1,C I. vansoesti,4188171,67.8,91.45,NA
'jk18x27bins.36',BZ1,C I. vansoesti,5267836,64.4,87.93,NA
'jk18x27bins.37',BZ1,C I. vansoesti,3775704,63.1,90.21,NA
'jk18x27bins.38',BZ1,C I. vansoesti,3292821,65.2,86.18,NA
'jk18x27bins.44',BZ1,C I. vansoesti,5173183,60.7,86.62,NA
'jk18x27bins.46',BZ1,C I. vansoesti,4106269,59.5,89.36,NA
'jk18x27bins.47',BZ1,C I. vansoesti,4490311,67.4,92.06,NA
'jk18x27bins.49',BZ1,C I. vansoesti,4341921,40.3,86.58,NA
'jk18x27bins.51',BZ1,C I. vansoesti,3631697,62.6,86.07,NA
'jk18x27bins.53',BZ1,C I. vansoesti,5216379,47.9,87.5,NA
'jk18x27bins.56',BZ1,C I. vansoesti,4770202,69.5,88.72,NA
'jk18x27bins.63',BZ1,C I. vansoesti,4279116,65.9,88.67,NA
'jk18x27bins.66',BZ1,C I. vansoesti,2550087,61.7,89.47,NA
'jk18x27bins.67',BZ1,C I. vansoesti,4378361,68.7,93.71,NA
'jk18x27bins.68',BZ1,C I. vansoesti,1721978,50.2,89.33,NA
'jk18x27bins.69',BZ1,C I. vansoesti,3484561,70.1,92.49,NA
'jk18x27bins.7',BZ1,C I. vansoesti,5138534,51.2,93.31,NA
'jk18x27bins.71',BZ1,C I. vansoesti,2112504,60,85.03,NA
'jk18x27bins.72',BZ1,C I. vansoesti,3803981,64.6,93,NA
'jk18x34bins.12',BZ1,C I. vansoesti,4760116,67.9,90.71,NA
'jk18x34bins.13',BZ1,C I. vansoesti,2874954,64.9,89.93,NA
'jk18x34bins.15',BZ1,C I. vansoesti,2669281,61.6,90.91,NA
'jk18x34bins.19',BZ1,C I. vansoesti,3848859,66.2,85.02,NA
'jk18x34bins.22',BZ1,C I. vansoesti,3210057,61.2,91.96,NA
'jk18x34bins.24',BZ1,C I. vansoesti,5127195,59.2,93.56,NA
'jk18x34bins.26',BZ1,C I. vansoesti,4409628,68.5,89.73,NA
'jk18x34bins.29',BZ1,C I. vansoesti,3679672,63.4,89.59,NA
'jk18x34bins.3',BZ1,C I. vansoesti,3544812,68.5,91.59,NA
'jk18x34bins.36',BZ1,C I. vansoesti,3613582,69.6,92.9,NA
'jk18x34bins.37',BZ1,C I. vansoesti,3693839,69.2,93.22,NA
'jk18x34bins.42',BZ1,C I. vansoesti,1953099,50.3,90.8,NA
'jk18x34bins.43',BZ1,C I. vansoesti,3832572,60.7,85.09,NA
'jk18x34bins.47',BZ1,C I. vansoesti,2539714,56.1,90.05,NA
'jk18x34bins.51',BZ1,C I. vansoesti,4710222,68.4,91.48,NA
'jk18x34bins.52',BZ1,C I. vansoesti,3332070,65,94.15,NA
'jk18x34bins.53',BZ1,C I. vansoesti,4752108,58.1,90.64,NA
'jk18x34bins.55',BZ1,C I. vansoesti,2629681,70.1,91.81,NA
'jk18x34bins.57',BZ1,C I. vansoesti,5494681,50.9,93.02,NA
'jk18x34bins.59',BZ1,C I. vansoesti,1735078,57.2,89.7,NA
'jk18x34bins.62',BZ1,C I. vansoesti,3787648,62.5,90.74,NA
'jk18x34bins.63',BZ1,C I. vansoesti,3385631,69.9,91.47,NA
'jk18x34bins.64',BZ1,C I. vansoesti,4999207,41.8,89.02,NA
'jk18x34bins.7',BZ1,C I. vansoesti,4951912,48.3,89.66,NA
'jk18x22bins.10',BZ2,D I. ruetzleri,5061612,48.7,89.35,NA
'jk18x22bins.101',BZ2,D I. ruetzleri,4705750,56.7,88.99,NA
'jk18x22bins.103',BZ2,D I. ruetzleri,3435110,62.7,87.11,NA
'jk18x22bins.106',BZ2,D I. ruetzleri,3640193,59.2,91.48,NA
'jk18x22bins.107',BZ2,D I. ruetzleri,3379777,61.6,91.44,NA
'jk18x22bins.14',BZ2,D I. ruetzleri,4859163,60.7,86.53,NA
'jk18x22bins.16',BZ2,D I. ruetzleri,5180572,66.9,88.75,NA
'jk18x22bins.18',BZ2,D I. ruetzleri,3026118,57.5,87.5,NA
'jk18x22bins.2',BZ2,D I. ruetzleri,5581596,50.9,92.64,NA
'jk18x22bins.20',BZ2,D I. ruetzleri,3763338,64.7,93.06,NA
'jk18x22bins.3',BZ2,D I. ruetzleri,5203907,47.9,88.02,NA
'jk18x22bins.30',BZ2,D I. ruetzleri,3597012,65,90.6,NA
'jk18x22bins.31',BZ2,D I. ruetzleri,4480841,68.3,89.06,NA
'jk18x22bins.33',BZ2,D I. ruetzleri,3850216,69.7,90.28,NA
'jk18x22bins.35',BZ2,D I. ruetzleri,4979526,60.6,87.1,NA
'jk18x22bins.39',BZ2,D I. ruetzleri,3835180,59.8,89.68,NA
'jk18x22bins.40',BZ2,D I. ruetzleri,1990129,61.6,90.69,NA
'jk18x22bins.41',BZ2,D I. ruetzleri,5872011,67.7,89.63,NA
'jk18x22bins.47',BZ2,D I. ruetzleri,4612608,48.1,89.43,NA
'jk18x22bins.50',BZ2,D I. ruetzleri,4265850,68.6,93.98,NA
'jk18x22bins.52',BZ2,D I. ruetzleri,2820046,61.3,92.72,NA
'jk18x22bins.55',BZ2,D I. ruetzleri,3640840,67.2,90.16,NA
'jk18x22bins.6',BZ2,D I. ruetzleri,3926247,68,91.57,NA
'jk18x22bins.60',BZ2,D I. ruetzleri,2642140,61.7,89.38,NA
'jk18x22bins.63',BZ2,D I. ruetzleri,4856912,67.8,90.27,NA
'jk18x22bins.65',BZ2,D I. ruetzleri,2017280,60.5,85.59,NA
'jk18x22bins.66',BZ2,D I. ruetzleri,3709492,51.7,88.43,NA
'jk18x22bins.7',BZ2,D I. ruetzleri,5707692,69,90.26,NA
'jk18x22bins.70',BZ2,D I. ruetzleri,3542250,65.9,88.63,NA
'jk18x22bins.71',BZ2,D I. ruetzleri,2377051,56.2,87.82,NA
'jk18x22bins.75',BZ2,D I. ruetzleri,6341388,58.7,92.74,NA
'jk18x22bins.76',BZ2,D I. ruetzleri,5136435,43.2,87.92,NA
'jk18x22bins.80',BZ2,D I. ruetzleri,2817722,66.7,91.6,NA
'jk18x22bins.85',BZ2,D I. ruetzleri,3772060,59,87.88,NA
'jk18x22bins.90',BZ2,D I. ruetzleri,4324103,58.8,88.87,NA
'jk18x22bins.97',BZ2,D I. ruetzleri,3486680,69,93.36,NA
'jk18x22bins.99',BZ2,D I. ruetzleri,2993650,63.7,91.28,NA
'jk18x25bins.14',BZ2,D I. ruetzleri,3882369,64.6,89.47,NA
'jk18x25bins.17',BZ2,D I. ruetzleri,3499008,65.2,85.82,NA
'jk18x25bins.18',BZ2,D I. ruetzleri,4530593,40.3,86.12,NA
'jk18x25bins.22',BZ2,D I. ruetzleri,4067373,67.6,88.58,NA
'jk18x25bins.25',BZ2,D I. ruetzleri,3663456,60.2,90.75,NA
'jk18x25bins.28',BZ2,D I. ruetzleri,3798473,61.7,90.64,NA
'jk18x25bins.29',BZ2,D I. ruetzleri,6008422,64,85.82,NA
'jk18x25bins.33',BZ2,D I. ruetzleri,2735715,44.1,88.81,NA
'jk18x25bins.39',BZ2,D I. ruetzleri,5919133,58.8,93.03,NA
'jk18x25bins.41',BZ2,D I. ruetzleri,2576145,70.3,92.36,NA
'jk18x25bins.43',BZ2,D I. ruetzleri,4711751,68.8,88.89,NA
'jk18x25bins.5',BZ2,D I. ruetzleri,4478634,63.4,91.22,NA
'jk18x25bins.51',BZ2,D I. ruetzleri,4506548,68.7,93.85,NA
'jk18x25bins.56',BZ2,D I. ruetzleri,4839711,48.2,89.77,NA
'jk18x25bins.57',BZ2,D I. ruetzleri,3862678,70.3,91.63,NA
'jk18x25bins.58',BZ2,D I. ruetzleri,5154779,60.4,88.63,NA
'jk18x25bins.60',BZ2,D I. ruetzleri,5360705,64.1,88.06,NA
'jk18x25bins.61',BZ2,D I. ruetzleri,3020274,60.5,90.2,NA
'jk18x25bins.66',BZ2,D I. ruetzleri,3786432,68.4,92.09,NA
'jk18x25bins.70',BZ2,D I. ruetzleri,4754872,58.1,90.59,NA
'jk18x25bins.8',BZ2,D I. ruetzleri,3212988,63.3,91.18,NA
'jk18x25bins.82',BZ2,D I. ruetzleri,4466714,69.3,92.75,NA
'jk18x25bins.86',BZ2,D I. ruetzleri,3505736,62.3,90.81,NA
'jk18x25bins.87',BZ2,D I. ruetzleri,3149712,47.1,88.01,NA
'jk18x25bins.9',BZ2,D I. ruetzleri,2888612,64.3,91.82,NA
'jk18x1bzbins.11',felix,B I. felix,4964149,69.3,91.65,NA
'jk18x1bzbins.18',felix,B I. felix,5624549,47.7,89.18,NA
'jk18x1bzbins.19',felix,B I. felix,3889421,61.9,90.23,NA
'jk18x1bzbins.24',felix,B I. felix,5198253,61.7,86.92,NA
'jk18x1bzbins.25',felix,B I. felix,6135135,47.6,88.75,NA
'jk18x1bzbins.27',felix,B I. felix,4866986,70.2,93.56,NA
'jk18x1bzbins.28',felix,B I. felix,3584073,67.5,92.67,NA
'jk18x1bzbins.29',felix,B I. felix,3791936,62.8,86.89,NA
'jk18x1bzbins.34',felix,B I. felix,4679395,65.5,89.83,NA
'jk18x1bzbins.36',felix,B I. felix,5568535,50.6,83.01,NA
'jk18x1bzbins.37',felix,B I. felix,5363005,60,85.06,NA
'jk18x1bzbins.39',felix,B I. felix,5326528,63.3,89.16,NA
'jk18x1bzbins.41',felix,B I. felix,3002002,65,91.67,NA
'jk18x1bzbins.42',felix,B I. felix,5695786,51,92.52,NA
'jk18x1bzbins.48',felix,B I. felix,4933343,69.4,88.87,NA
'jk18x1bzbins.53',felix,B I. felix,5965398,63.9,88.16,NA
'jk18x1bzbins.55',felix,B I. felix,4714322,58,90.56,NA
'jk18x1bzbins.57',felix,B I. felix,2418325,56.5,87.44,NA
'jk18x1bzbins.60',felix,B I. felix,1784951,50.4,89.51,NA
'jk18x1bzbins.61',felix,B I. felix,3432623,56.7,93.09,NA
'jk18x1bzbins.63',felix,B I. felix,4085682,58.8,89.33,NA
'jk18x1bzbins.64',felix,B I. felix,3984390,69.4,89.06,NA
'jk18x1bzbins.66',felix,B I. felix,2385782,66.9,92.15,NA
'jk18x1bzbins.67',felix,B I. felix,4144006,65.5,88.23,NA
'jk18x1bzbins.7',felix,B I. felix,4617834,62.4,87.52,NA
'jk18x1bzbins.72',felix,B I. felix,5093395,47.1,88.22,NA
'jk18x1bzbins.73',felix,B I. felix,4388733,68.6,94.12,NA
'jk18x1bzbins.74',felix,B I. felix,3452426,65,94,NA
'jk18x1bzbins.75',felix,B I. felix,4627015,67.5,89.85,NA
'jk18x1bzbins.77',felix,B I. felix,3275917,69.1,93.71,NA
'jk18x1bzbins.78',felix,B I. felix,6043612,49.9,86.87,NA
'jk18x1bzbins.79',felix,B I. felix,3775265,61.6,85.95,NA
'jk18x1bzbins.81',felix,B I. felix,4384395,64.4,92.92,NA
'jk18x1bzbins.83',felix,B I. felix,4393182,67.5,91.6,NA
'jk18x1bzbins.85',felix,B I. felix,6230357,66.1,86.94,NA
'jk18x1bzbins.86',felix,B I. felix,2735415,69.4,92.58,NA
'jk18x1bzbins.87',felix,B I. felix,2490333,59.8,84.86,NA
'jk18x1bzbins.88',felix,B I. felix,6157998,58.7,92.82,NA
'jk18x1bzbins.9',felix,B I. felix,3165920,67.7,88.41,NA
'jk18xAbins.10',felix,B I. felix,3750259,51.2,89.35,NA
'jk18xAbins.11',felix,B I. felix,1627159,51.6,91.27,NA
'jk18xAbins.18',felix,B I. felix,3403639,64.7,93.43,NA
'jk18xAbins.19',felix,B I. felix,5634213,41.2,86.69,NA
'jk18xAbins.2',felix,B I. felix,4547484,58,90.18,NA
'jk18xAbins.20',felix,B I. felix,3037137,43.1,84.94,NA
'jk18xAbins.24',felix,B I. felix,5686627,47.4,88.86,NA
'jk18xAbins.25',felix,B I. felix,6000819,50,87.33,NA
'jk18xAbins.26',felix,B I. felix,3310788,67.3,92.56,NA
'jk18xAbins.27',felix,B I. felix,6946379,63.5,88.33,NA
'jk18xAbins.29',felix,B I. felix,3215086,61.7,90.78,NA
'jk18xAbins.3',felix,B I. felix,2950031,67.3,89.43,NA
'jk18xAbins.31',felix,B I. felix,2815196,60.8,90.26,NA
'jk18xAbins.40',felix,B I. felix,2482794,56.3,88.08,NA
'jk18xAbins.42',felix,B I. felix,3679169,51.5,88.12,NA
'jk18xAbins.44',felix,B I. felix,3381995,61.2,89.46,NA
'jk18xAbins.45',felix,B I. felix,4408255,57.9,90.56,NA
'jk18xAbins.46',felix,B I. felix,4397938,62.4,87.3,NA
'jk18xAbins.48',felix,B I. felix,4001897,68.3,90.21,NA
'jk18xAbins.49',felix,B I. felix,3487512,56.6,93.02,NA
'jk18xAbins.50',felix,B I. felix,4968181,48.6,88.2,NA
'jk18xAbins.51',felix,B I. felix,2086968,60.1,84.55,NA
'jk18xAbins.52',felix,B I. felix,3189184,69.1,90.26,NA
'jk18xAbins.55',felix,B I. felix,3548874,65.7,88.74,NA
'jk18xAbins.6',felix,B I. felix,4477025,68.6,93.55,NA
'jk18xAbins.60',felix,B I. felix,3561540,65.4,85.7,NA
'jk18xAbins.61',felix,B I. felix,1807227,61.8,90.91,NA
'jk18xAbins.63',felix,B I. felix,5488239,59.7,85.77,NA
'jk18xAbins.67',felix,B I. felix,4865707,60.5,89.4,NA
'jk18x40bins.16',strobilina,A I. strobilina,3520625,65.6,88.95,NA
'jk18x40bins.18',strobilina,A I. strobilina,3690492,67.3,90.74,NA
'jk18x40bins.22',strobilina,A I. strobilina,4556110,40.2,86.41,NA
'jk18x40bins.26',strobilina,A I. strobilina,2350498,65.7,91.96,NA
'jk18x40bins.27',strobilina,A I. strobilina,3728583,68.9,93.1,NA
'jk18x40bins.30',strobilina,A I. strobilina,2315678,56.5,88.39,NA
'jk18x40bins.35',strobilina,A I. strobilina,5234969,60.5,85.99,NA
'jk18x40bins.40',strobilina,A I. strobilina,3651323,69.4,90.86,NA
'jk18x40bins.47',strobilina,A I. strobilina,2615778,51.2,88.12,NA
'jk18x40bins.50',strobilina,A I. strobilina,4983416,57.8,90.31,NA
'jk18x40bins.51',strobilina,A I. strobilina,6183665,63.9,87.95,NA
'jk18x40bins.8',strobilina,A I. strobilina,3203889,68.1,91.05,NA
'jk18x40bins.9',strobilina,A I. strobilina,4992507,48.3,89.58,NA
'jk18x44bins.10',strobilina,A I. strobilina,3460863,59.7,90.93,NA
'jk18x44bins.5',strobilina,A I. strobilina,4088927,65.4,87.7,NA
'jk18x44bins.8',strobilina,A I. strobilina,5050807,50.7,91.66,NA
'jk18x11bins.12',campana,I I. campana,4832465,41.8,89.27,NA
'jk18x11bins.2',campana,I I. campana,2800960,61.1,90.59,NA
'jk18x11bins.22',campana,I I. campana,1826842,50.7,90.85,NA
'jk18x11bins.24',campana,I I. campana,4413592,67.5,88.1,NA
'jk18x11bins.26',campana,I I. campana,4488167,68.7,93.83,NA
'jk18x11bins.34',campana,I I. campana,2861414,62,90.62,NA
'jk18x11bins.4',campana,I I. campana,3767610,64.9,93.33,NA
'jk18x11bins.40',campana,I I. campana,4796200,67.7,91.24,NA
'jk18x11bins.48',campana,I I. campana,3783429,51.4,88.32,NA
'jk18x11bins.51',campana,I I. campana,4140768,58.6,90.14,NA
'jk18x11bins.53',campana,I I. campana,3852133,62.5,87.38,NA
'jk18x11bins.54',campana,I I. campana,3797146,67.1,91.11,NA
'jk18x11bins.6',campana,I I. campana,1774962,50.5,90.38,NA
'jk18x11bins.7',campana,I I. campana,5392186,50.9,92.53,NA
'jk18x8bins.13',campana,I I. campana,5686363,47.7,87.53,NA
'jk18x8bins.18',campana,I I. campana,4152573,59.5,89.11,NA
'jk18x8bins.2',campana,I I. campana,2207226,60.5,85.27,NA
'jk18x8bins.21',campana,I I. campana,3051112,63.1,81.25,NA
'jk18x8bins.27',campana,I I. campana,4267033,58.9,89.77,NA
'jk18x8bins.28',campana,I I. campana,5020844,60.6,86.18,NA
'jk18x8bins.29',campana,I I. campana,2261279,51.1,88.33,NA
'jk18x8bins.7',campana,I I. campana,4721762,68.2,89.41,NA
'jk18x7bins.10',reteplana,J I. cf. reteplana,4068271,58.2,90.92,NA
'jk18x7bins.100',reteplana,J I. cf. reteplana,3365424,65.6,89.09,NA
'jk18x7bins.101',reteplana,J I. cf. reteplana,3265347,59.4,90.56,NA
'jk18x7bins.104',reteplana,J I. cf. reteplana,3753675,65,90.49,NA
'jk18x7bins.108',reteplana,J I. cf. reteplana,3746776,66.8,84.47,NA
'jk18x7bins.13',reteplana,J I. cf. reteplana,3385173,54.6,89.31,NA
'jk18x7bins.23',reteplana,J I. cf. reteplana,4180195,58.5,89.88,NA
'jk18x7bins.24',reteplana,J I. cf. reteplana,4035030,59.8,89.13,NA
'jk18x7bins.26',reteplana,J I. cf. reteplana,4813171,61.7,86.4,NA
'jk18x7bins.3',reteplana,J I. cf. reteplana,4975948,68.3,88.2,NA
'jk18x7bins.31',reteplana,J I. cf. reteplana,2314919,56.7,88.5,NA
'jk18x7bins.32',reteplana,J I. cf. reteplana,2504980,62,90.83,NA
'jk18x7bins.36',reteplana,J I. cf. reteplana,4451420,40.1,87.41,NA
'jk18x7bins.44',reteplana,J I. cf. reteplana,3368419,63,80.56,NA
'jk18x7bins.45',reteplana,J I. cf. reteplana,4831205,65.6,86.55,NA
'jk18x7bins.47',reteplana,J I. cf. reteplana,3706890,67.5,88.63,NA
'jk18x7bins.48',reteplana,J I. cf. reteplana,2148527,60.2,85.02,NA
'jk18x7bins.5',reteplana,J I. cf. reteplana,5604615,49.8,87.58,NA
'jk18x7bins.52',reteplana,J I. cf. reteplana,4829499,58,90.72,NA
'jk18x7bins.54',reteplana,J I. cf. reteplana,3798376,62,90.59,NA
'jk18x7bins.57',reteplana,J I. cf. reteplana,3535856,70.5,91.12,NA
'jk18x7bins.59',reteplana,J I. cf. reteplana,5037209,68.4,88.62,NA
'jk18x7bins.67',reteplana,J I. cf. reteplana,4665660,66.7,87.61,NA
'jk18x7bins.70',reteplana,J I. cf. reteplana,4410550,67.7,91.35,NA
'jk18x7bins.73',reteplana,J I. cf. reteplana,3606532,60.2,90.98,NA
'jk18x7bins.79',reteplana,J I. cf. reteplana,2544548,56.7,90.42,NA
'jk18x7bins.8',reteplana,J I. cf. reteplana,2556949,49.7,87.85,NA
'jk18x7bins.84',reteplana,J I. cf. reteplana,1710610,62,91.57,NA
'jk18x7bins.9',reteplana,J I. cf. reteplana,4604569,50.7,92.52,NA
'jk18x7bins.92',reteplana,J I. cf. reteplana,4796143,59.2,84.29,NA
'jk18x7bins.95',reteplana,J I. cf. reteplana,5041421,68.2,88.92,NA
'jk18x9bins.12',reteplana,J I. cf. reteplana,4359252,67.8,92.31,NA
'jk18x9bins.14',reteplana,J I. cf. reteplana,3455935,63.6,90.69,NA
'jk18x9bins.15',reteplana,J I. cf. reteplana,3510296,59.2,91.41,NA
'jk18x9bins.18',reteplana,J I. cf. reteplana,4870236,51,92.79,NA
'jk18x9bins.20',reteplana,J I. cf. reteplana,3546236,62.5,87.31,NA
'jk18x9bins.27',reteplana,J I. cf. reteplana,3552445,67.7,92.05,NA
'jk18x9bins.28',reteplana,J I. cf. reteplana,3742478,69.8,92.13,NA
'jk18x9bins.33',reteplana,J I. cf. reteplana,5365633,47.8,87.72,NA
'jk18x9bins.35',reteplana,J I. cf. reteplana,2910643,43.1,85.89,NA
'jk18x9bins.40',reteplana,J I. cf. reteplana,4289885,68.1,89.7,NA
'jk18x9bins.46',reteplana,J I. cf. reteplana,4401535,68.2,90.82,NA
'jk18x9bins.50',reteplana,J I. cf. reteplana,4980426,65,87.37,NA
'jk18x9bins.53',reteplana,J I. cf. reteplana,2721176,65.2,92.2,NA
'jk18x9bins.56',reteplana,J I. cf. reteplana,4380128,68.7,93.94,NA
'jk18x9bins.57',reteplana,J I. cf. reteplana,3484285,68.4,90.65,NA
'jk18x9bins.60',reteplana,J I. cf. reteplana,1574799,50.1,90.19,NA
'jk18x9bins.61',reteplana,J I. cf. reteplana,3667285,58.3,89.97,NA
'jk18x9bins.65',reteplana,J I. cf. reteplana,4534173,41.5,86.56,NA
'jk18x9bins.74',reteplana,J I. cf. reteplana,3484893,65.2,93.53,NA
'jk18x9bins.76',reteplana,J I. cf. reteplana,4828019,69.5,88.01,NA
'jk18x9bins.84',reteplana,J I. cf. reteplana,3757546,63.2,90.14,NA
'jk18x9bins.85',reteplana,J I. cf. reteplana,4299609,48.3,90.02,NA
'jk18x9bins.87',reteplana,J I. cf. reteplana,3712701,51.5,88.29,NA
'jk18x9bins.88',reteplana,J I. cf. reteplana,4384728,67.7,90.02,NA
'jk18x9bins.9',reteplana,J I. cf. reteplana,4689379,60.7,86.36,NA
'p16x43bins.1',encrusting,E I. lowi,3455068,69.7,90.86,NA
'p16x43bins.13',encrusting,E I. lowi,3138195,63.5,90.25,NA
'p16x43bins.26',encrusting,E I. lowi,4828974,68.4,89.83,NA
'p16x43bins.30',encrusting,E I. lowi,6255866,58.7,92.8,NA
'p16x43bins.35',encrusting,E I. lowi,3291024,67.5,92.58,NA
'p16x43bins.4',encrusting,E I. lowi,3682281,51.7,88.51,NA
'p16x43bins.45',encrusting,E I. lowi,4944655,60.4,89.15,NA
'p16x43bins.48',encrusting,E I. lowi,3174276,64.9,89.34,NA
'p16x43bins.5',encrusting,E I. lowi,4713777,60.9,87.16,NA
'p16x43bins.54',encrusting,E I. lowi,3923466,64.8,89.57,NA
'p16x43bins.55',encrusting,E I. lowi,3875813,60.3,85.99,NA
'p16x43bins.57',encrusting,E I. lowi,4087103,59.4,89.32,NA
'p16x43bins.60',encrusting,E I. lowi,2559037,56.4,87.78,NA
'p16x43bins.62',encrusting,E I. lowi,4451831,51.3,93.06,NA
'p16x43bins.65',encrusting,E I. lowi,2925913,61.5,92.8,NA
'p16x43bins.66',encrusting,E I. lowi,2856590,61,90.4,NA
'p16x43bins.9',encrusting,E I. lowi,1739203,51.4,90.59,NA
'p16x44bins.13',encrusting,E I. lowi,4166888,68.8,94.27,NA
'p16x44bins.17',encrusting,E I. lowi,3126287,47.1,88.06,NA
'p16x44bins.19',encrusting,E I. lowi,4142065,64.5,92.69,NA
'p16x44bins.21',encrusting,E I. lowi,4218062,58.8,88.95,NA
'p16x44bins.23',encrusting,E I. lowi,1659430,62,90.84,NA
'p16x44bins.24',encrusting,E I. lowi,6177257,47.7,88.83,NA
'p16x44bins.4',encrusting,E I. lowi,4692606,58.1,90.63,NA
'p16x44bins.42',encrusting,E I. lowi,3628302,65.7,88.42,NA
'p16x44bins.48',encrusting,E I. lowi,4671110,48.3,89.4,NA
'p16x44bins.53',encrusting,E I. lowi,4042993,67.5,88.56,NA
'p16x44bins.54',encrusting,E I. lowi,5811919,47.5,88.22,NA
'p16x44bins.6',encrusting,E I. lowi,3602448,65.4,86.24,NA
'p16x44bins.9',encrusting,E I. lowi,2618807,44.3,89.31,NA
'p16x63bins.1',massB,F I. bocatorensis,3570087,51.5,87.98,NA
'p16x63bins.20',massB,F I. bocatorensis,3587243,63,90.35,NA
'p16x63bins.21',massB,F I. bocatorensis,3861037,61.2,90.03,NA
'p16x63bins.25',massB,F I. bocatorensis,2255392,56.1,91.1,NA
'p16x63bins.29',massB,F I. bocatorensis,4877803,60.9,87.14,NA
'p16x63bins.3',massB,F I. bocatorensis,3717185,63.6,87.72,NA
'p16x63bins.32',massB,F I. bocatorensis,2362088,57.1,87.74,NA
'p16x63bins.43',massB,F I. bocatorensis,3333816,67.7,92.63,NA
'p16x63bins.44',massB,F I. bocatorensis,1632390,51.1,90.77,NA
'p16x63bins.49',massB,F I. bocatorensis,3918824,60.5,86.37,NA
'p16x63bins.52',massB,F I. bocatorensis,2739548,65.8,91.96,NA
'p16x63bins.58',massB,F I. bocatorensis,3688547,68.8,92.66,NA
'p16x63bins.62',massB,F I. bocatorensis,5058983,41.8,88.38,NA
'p16x63bins.68',massB,F I. bocatorensis,4001422,60.6,86.99,NA
'p16x63bins.69',massB,F I. bocatorensis,3570990,69.5,90.35,NA
'p16x63bins.70',massB,F I. bocatorensis,6358836,64.1,87.48,NA
'p16x63bins.71',massB,F I. bocatorensis,3014199,66.9,90.58,NA
'p16x63bins.72',massB,F I. bocatorensis,3941777,67.6,88.62,NA
'p16x63bins.74',massB,F I. bocatorensis,5541858,47.9,88.51,NA
'p16x63bins.9',massB,F I. bocatorensis,2848629,69,91.83,NA
'p16x65bins.1',massB,F I. bocatorensis,3850381,64.7,90.21,NA
'p16x65bins.10',massB,F I. bocatorensis,4064547,59.5,89.35,NA
'p16x65bins.14',massB,F I. bocatorensis,4441236,64.5,93.02,NA
'p16x65bins.2',massB,F I. bocatorensis,5128027,48.6,89.26,NA
'p16x65bins.25',massB,F I. bocatorensis,5841050,59,93.75,NA
'p16x65bins.28',massB,F I. bocatorensis,4320518,58.7,88.88,NA
'p16x65bins.30',massB,F I. bocatorensis,2756480,66.9,90.09,NA
'p16x65bins.31',massB,F I. bocatorensis,3719390,66.5,85.93,NA
'p16x65bins.33',massB,F I. bocatorensis,3375943,56.8,92.74,NA
'p16x65bins.37',massB,F I. bocatorensis,3689276,64.8,93.68,NA
'p16x65bins.39',massB,F I. bocatorensis,2270490,59.9,84.47,NA
'p16x65bins.40',massB,F I. bocatorensis,4307412,68.6,89.84,NA
'p16x65bins.41',massB,F I. bocatorensis,4678431,58.1,90.74,NA
'p16x65bins.48',massB,F I. bocatorensis,4861842,68.1,91.07,NA
'p16x65bins.49',massB,F I. bocatorensis,5019702,48.2,89.34,NA
'p16x65bins.5',massB,F I. bocatorensis,5314724,51.3,92.67,NA
'p16x65bins.51',massB,F I. bocatorensis,4729965,60.9,86.63,NA
'p16x65bins.53',massB,F I. bocatorensis,3347321,65.7,87.92,NA
'p16x57bins.10',massiveAgreen,G I. laeviconulosa,5120417,60.8,86.86,NA
'p16x57bins.12',massiveAgreen,G I. laeviconulosa,3438613,65,93.8,NA
'p16x57bins.13',massiveAgreen,G I. laeviconulosa,3733655,64.8,90.19,NA
'p16x57bins.17',massiveAgreen,G I. laeviconulosa,1574925,51.6,90.84,NA
'p16x57bins.24',massiveAgreen,G I. laeviconulosa,4435654,67.6,90.22,NA
'p16x57bins.27',massiveAgreen,G I. laeviconulosa,3296620,65.9,88.82,NA
'p16x57bins.32',massiveAgreen,G I. laeviconulosa,3369953,66.8,86.01,NA
'p16x57bins.35',massiveAgreen,G I. laeviconulosa,6021571,58.8,93.27,NA
'p16x57bins.38',massiveAgreen,G I. laeviconulosa,3845277,61.1,84.47,NA
'p16x57bins.39',massiveAgreen,G I. laeviconulosa,3098162,61.3,89.53,NA
'p16x57bins.40',massiveAgreen,G I. laeviconulosa,3342077,62.6,91.03,NA
'p16x57bins.41',massiveAgreen,G I. laeviconulosa,4445256,61.1,86.6,NA
'p16x57bins.45',massiveAgreen,G I. laeviconulosa,4396077,68.7,90.71,NA
'p16x57bins.56',massiveAgreen,G I. laeviconulosa,2468524,56.1,90.5,NA
'p16x60bins.11',massiveAgreen,G I. laeviconulosa,3520569,62.6,87.86,NA
'p16x60bins.17',massiveAgreen,G I. laeviconulosa,3504362,63.3,89.46,NA
'p16x60bins.18',massiveAgreen,G I. laeviconulosa,4147548,59.5,89.26,NA
'p16x60bins.21',massiveAgreen,G I. laeviconulosa,3000371,70.1,91.91,NA
'p16x60bins.22',massiveAgreen,G I. laeviconulosa,3887711,69.3,93.09,NA
'p16x60bins.27',massiveAgreen,G I. laeviconulosa,6067373,64,88.12,NA
'p16x60bins.32',massiveAgreen,G I. laeviconulosa,2653232,61.4,90.97,NA
'p16x60bins.37',massiveAgreen,G I. laeviconulosa,4806814,67.8,90.54,NA
'p16x60bins.38',massiveAgreen,G I. laeviconulosa,2336387,60.1,85.5,NA
'p16x60bins.4',massiveAgreen,G I. laeviconulosa,3533040,63.7,90.5,NA
'p16x60bins.49',massiveAgreen,G I. laeviconulosa,5336326,51,92.74,NA
'p16x60bins.55',massiveAgreen,G I. laeviconulosa,4002789,67.5,88.91,NA
'p16x60bins.57',massiveAgreen,G I. laeviconulosa,4507562,68.8,94.26,NA
'p16x60bins.58',massiveAgreen,G I. laeviconulosa,2742417,66.9,90.27,NA
'p16x60bins.61',massiveAgreen,G I. laeviconulosa,3217957,64.9,89.15,NA
'p16x60bins.63',massiveAgreen,G I. laeviconulosa,3175915,47,87.78,NA
'p16x60bins.66',massiveAgreen,G I. laeviconulosa,3273961,67.9,92.6,NA
'p16x60bins.67',massiveAgreen,G I. laeviconulosa,2620929,44.2,89.62,NA
'p16x60bins.8',massiveAgreen,G I. laeviconulosa,4640509,58,90.87,NA
'p16x60bins.9',massiveAgreen,G I. laeviconulosa,2418870,70.6,92.65,NA
'p16x33bins.15',massiveApink,H I. radix,5028038,48.2,89.57,NA
'p16x33bins.19',massiveApink,H I. radix,1729869,50.5,90.15,NA
'p16x33bins.2',massiveApink,H I. radix,4407373,64.3,92.26,NA
'p16x33bins.23',massiveApink,H I. radix,5370201,47.5,87.77,NA
'p16x33bins.28',massiveApink,H I. radix,3526578,68.6,91.03,NA
'p16x33bins.3',massiveApink,H I. radix,4022382,59.5,89.28,NA
'p16x33bins.34',massiveApink,H I. radix,3409246,65,92.48,NA
'p16x33bins.37',massiveApink,H I. radix,3388574,51.5,88.55,NA
'p16x33bins.38',massiveApink,H I. radix,3239241,60.5,83.86,NA
'p16x33bins.39',massiveApink,H I. radix,4785293,61,87.13,NA
'p16x33bins.42',massiveApink,H I. radix,4905262,41.8,88.35,NA
'p16x33bins.47',massiveApink,H I. radix,4293791,58.8,88.85,NA
'p16x33bins.48',massiveApink,H I. radix,3875248,67.4,91.76,NA
'p16x33bins.5',massiveApink,H I. radix,2570326,56.6,87.61,NA
'p16x33bins.50',massiveApink,H I. radix,5660424,51.1,92.51,NA
'p16x33bins.66',massiveApink,H I. radix,3032249,67.6,92.88,NA
'p16x33bins.71',massiveApink,H I. radix,6621045,71.3,85.08,NA
'p16x33bins.72',massiveApink,H I. radix,2851402,66.8,90.07,NA
'p16x33bins.8',massiveApink,H I. radix,1985603,56,91.6,NA
'p16x34bins.1',massiveApink,H I. radix,4216204,67.3,88.91,NA
'p16x34bins.10',massiveApink,H I. radix,4179646,67.2,91.08,NA
'p16x34bins.13',massiveApink,H I. radix,5414992,50.8,92.15,NA
'p16x34bins.14',massiveApink,H I. radix,3754487,62.4,90.88,NA
'p16x34bins.22',massiveApink,H I. radix,3277359,65.3,94.1,NA
'p16x34bins.23',massiveApink,H I. radix,3363593,68.7,92.08,NA
'p16x34bins.24',massiveApink,H I. radix,3866370,64.8,90.18,NA
'p16x34bins.28',massiveApink,H I. radix,5144684,47.7,88.37,NA
'p16x34bins.31',massiveApink,H I. radix,5172654,67.9,90.29,NA
'p16x34bins.34',massiveApink,H I. radix,3719015,69,93.06,NA
'p16x34bins.36',massiveApink,H I. radix,3538651,62.7,87.53,NA
'p16x34bins.37',massiveApink,H I. radix,3280548,67.8,92.41,NA
'p16x34bins.43',massiveApink,H I. radix,4656849,67.4,89.23,NA
'p16x34bins.44',massiveApink,H I. radix,3193818,66.4,86.13,NA
'p16x34bins.45',massiveApink,H I. radix,1673790,51.3,91.19,NA
'p16x34bins.47',massiveApink,H I. radix,3793275,63.2,89.64,NA
'p16x34bins.5',massiveApink,H I. radix,5434924,47.6,88.41,NA
'p16x34bins.50',massiveApink,H I. radix,4230660,69.5,93.32,NA
'p16x34bins.51',massiveApink,H I. radix,3403975,70.1,92.45,NA
'p16x34bins.53',massiveApink,H I. radix,3509756,70,91.49,NA
'p16x34bins.54',massiveApink,H I. radix,2493768,59.4,85.29,NA
'p16x34bins.60',massiveApink,H I. radix,4696570,65.7,88.24,NA
'p16x34bins.62',massiveApink,H I. radix,5007180,59.1,93.36,NA
'p16x34bins.64',massiveApink,H I. radix,4626603,58,90.85,NA
'p16x34bins.65',massiveApink,H I. radix,4564101,56.6,89.13,NA
'p16x34bins.66',massiveApink,H I. radix,6554762,71.3,84.42,NA
'p16x34bins.71',massiveApink,H I. radix,2751126,66.5,90.67,NA
'p16x34bins.72',massiveApink,H I. radix,4560666,63.1,90.13,NA
'p16x34bins.9',massiveApink,H I. radix,4238389,68.8,94.26,NA
'GCA_009835325.1_ASM983532v1_genomic',ramosa,K I. ramosa,3676089,62.4,91.81,NA
'GCA_009835395.1_ASM983539v1_genomic',ramosa,K I. ramosa,3156972,70.1,91.97,NA
'GCA_009835805.1_ASM983580v1_genomic',ramosa,K I. ramosa,4183513,64,92.57,NA
'GCA_009835985.1_ASM983598v1_genomic',ramosa,K I. ramosa,3339507,69.4,91.57,NA
'GCA_009836005.1_ASM983600v1_genomic',ramosa,K I. ramosa,3599158,69.4,93.56,NA
'GCA_009836025.1_ASM983602v1_genomic',ramosa,K I. ramosa,2161298,61.9,85.99,NA
'GCA_009836085.1_ASM983608v1_genomic',ramosa,K I. ramosa,2786366,58.8,91.51,NA
'GCA_009836145.1_ASM983614v1_genomic',ramosa,K I. ramosa,2248817,56.1,87.8,NA
'GCA_009836165.1_ASM983616v1_genomic',ramosa,K I. ramosa,3416945,69.2,89.75,NA
'GCA_009836215.1_ASM983621v1_genomic',ramosa,K I. ramosa,3403306,50.1,89.35,NA
'GCA_009836525.1_ASM983652v1_genomic',ramosa,K I. ramosa,4066446,67.9,88.79,NA
'GCA_009836625.1_ASM983662v1_genomic',ramosa,K I. ramosa,4317546,68.4,94.94,NA
'GCA_009836695.1_ASM983669v1_genomic',ramosa,K I. ramosa,3079541,64.1,91.11,NA
'GCA_009837085.1_ASM983708v1_genomic',ramosa,K I. ramosa,4322360,68.3,93.92,NA
'GCA_009837275.1_ASM983727v1_genomic',ramosa,K I. ramosa,2655481,44.4,89.13,NA
'GCA_009837285.1_ASM983728v1_genomic',ramosa,K I. ramosa,2401769,70.1,90.3,NA
'GCA_009837355.1_ASM983735v1_genomic',ramosa,K I. ramosa,3250911,63,89.99,NA
'GCA_009837395.1_ASM983739v1_genomic',ramosa,K I. ramosa,3796658,62.3,91.4,NA
'GCA_009837475.1_ASM983747v1_genomic',ramosa,K I. ramosa,3494407,68.8,93.83,NA
'GCA_009837725.1_ASM983772v1_genomic',ramosa,K I. ramosa,4658805,65.5,88.58,NA
'GCA_009837805.1_ASM983780v1_genomic',ramosa,K I. ramosa,5028561,60.3,88.49,NA
'GCA_009837815.1_ASM983781v1_genomic',ramosa,K I. ramosa,2343800,64.4,91.09,NA
'GCA_009837885.1_ASM983788v1_genomic',ramosa,K I. ramosa,4556516,68.4,93.73,NA
'GCA_009837925.1_ASM983792v1_genomic',ramosa,K I. ramosa,1633211,51,91.35,NA
'GCA_009838075.1_ASM983807v1_genomic',ramosa,K I. ramosa,4798335,63.2,86.69,NA
'GCA_009838175.1_ASM983817v1_genomic',ramosa,K I. ramosa,2635461,56.3,90.14,NA
'GCA_009838195.1_ASM983819v1_genomic',ramosa,K I. ramosa,3004149,50.6,90.67,NA
'GCA_009838215.1_ASM983821v1_genomic',ramosa,K I. ramosa,4717013,67,88.32,NA
'GCA_009838445.1_ASM983844v1_genomic',ramosa,K I. ramosa,3306247,61,87.54,NA
'GCA_009838465.1_ASM983846v1_genomic',ramosa,K I. ramosa,3550737,58.3,86.59,NA
'GCA_009838515.1_ASM983851v1_genomic',ramosa,K I. ramosa,5841024,63.6,88.94,NA
'GCA_009838525.1_ASM983852v1_genomic',ramosa,K I. ramosa,4292814,67.4,93.38,NA
'GCA_009838625.1_ASM983862v1_genomic',ramosa,K I. ramosa,5353615,59.4,86.73,NA
'GCA_009838635.1_ASM983863v1_genomic',ramosa,K I. ramosa,2889529,66.9,90.21,NA
'GCA_009838785.1_ASM983878v1_genomic',ramosa,K I. ramosa,4326598,68.3,94.63,NA
'GCA_009838805.1_ASM983880v1_genomic',ramosa,K I. ramosa,5584956,47.6,88.29,NA
'GCA_009838875.1_ASM983887v1_genomic',ramosa,K I. ramosa,3603314,64.7,94.07,NA
'GCA_009838965.1_ASM983896v1_genomic',ramosa,K I. ramosa,3013978,65.9,89.7,NA
'GCA_009838975.1_ASM983897v1_genomic',ramosa,K I. ramosa,4507204,67.3,92.56,NA
'GCA_009839295.1_ASM983929v1_genomic',ramosa,K I. ramosa,4227761,62.1,86.81,NA
'GCA_009839325.1_ASM983932v1_genomic',ramosa,K I. ramosa,2732159,65.4,86.3,NA
'GCA_009839465.1_ASM983946v1_genomic',ramosa,K I. ramosa,5252025,68.7,92.04,NA
'GCA_009839505.1_ASM983950v1_genomic',ramosa,K I. ramosa,4699526,65.2,90.52,NA
'GCA_009839615.1_ASM983961v1_genomic',ramosa,K I. ramosa,3572023,61.1,87.24,NA
'GCA_009839635.1_ASM983963v1_genomic',ramosa,K I. ramosa,1686791,56.5,90.66,NA
'GCA_009839725.1_ASM983972v1_genomic',ramosa,K I. ramosa,2834774,68.9,91.91,NA
'GCA_009839745.1_ASM983974v1_genomic',ramosa,K I. ramosa,5039918,48.2,87.78,NA
'GCA_009839925.1_ASM983992v1_genomic',ramosa,K I. ramosa,2857508,71.1,91.09,NA
'GCA_009839975.1_ASM983997v1_genomic',ramosa,K I. ramosa,4779924,42,89.89,NA
'GCA_009840005.1_ASM984000v1_genomic',ramosa,K I. ramosa,6540678,58.6,92.36,NA
'GCA_009840025.1_ASM984002v1_genomic',ramosa,K I. ramosa,3365586,60.6,86.87,NA
'GCA_009840105.1_ASM984010v1_genomic',ramosa,K I. ramosa,3454628,64.7,93.93,NA
'GCA_009840135.1_ASM984013v1_genomic',ramosa,K I. ramosa,3454762,59.2,82.9,NA
'GCA_009840165.1_ASM984016v1_genomic',ramosa,K I. ramosa,3757816,61.3,88.62,NA
'GCA_009840175.1_ASM984017v1_genomic',ramosa,K I. ramosa,4312190,61.8,85.72,NA
'GCA_009840215.1_ASM984021v1_genomic',ramosa,K I. ramosa,4085139,67.4,90.66,NA
'GCA_009840225.1_ASM984022v1_genomic',ramosa,K I. ramosa,5602616,59.9,85.16,NA
'GCA_009840285.1_ASM984028v1_genomic',ramosa,K I. ramosa,2201017,57.1,88.72,NA
'GCA_009840315.1_ASM984031v1_genomic',ramosa,K I. ramosa,2916832,64.2,90.5,NA
'GCA_009840355.1_ASM984035v1_genomic',ramosa,K I. ramosa,3278736,58,85.46,NA
'GCA_009840385.1_ASM984038v1_genomic',ramosa,K I. ramosa,1655437,50.5,90.89,NA
'GCA_009840445.1_ASM984044v1_genomic',ramosa,K I. ramosa,2164299,62.1,90.62,NA
'GCA_009840525.1_ASM984052v1_genomic',ramosa,K I. ramosa,3992735,68.1,92.12,NA
'GCA_009840555.1_ASM984055v1_genomic',ramosa,K I. ramosa,2267222,64.6,89.96,NA
'GCA_009840575.1_ASM984057v1_genomic',ramosa,K I. ramosa,3457751,59.9,91.83,NA
'GCA_009840635.1_ASM984063v1_genomic',ramosa,K I. ramosa,3584940,69.2,90.97,NA
'GCA_009840735.1_ASM984073v1_genomic',ramosa,K I. ramosa,2719572,70.2,90.93,NA
'GCA_009840825.1_ASM984082v1_genomic',ramosa,K I. ramosa,1800050,50.4,90.88,NA
'GCA_009840945.1_ASM984094v1_genomic',ramosa,K I. ramosa,2530627,71,89.89,NA
'GCA_009840965.1_ASM984096v1_genomic',ramosa,K I. ramosa,2690422,71.6,91.52,NA
'GCA_009841005.1_ASM984100v1_genomic',ramosa,K I. ramosa,3163883,69,93.63,NA
'GCA_009841015.1_ASM984101v1_genomic',ramosa,K I. ramosa,3760526,69.1,92.82,NA
'GCA_009841045.1_ASM984104v1_genomic',ramosa,K I. ramosa,1952380,60.5,91.03,NA
'GCA_009841055.1_ASM984105v1_genomic',ramosa,K I. ramosa,4321718,62.3,88.03,NA
'GCA_009841075.1_ASM984107v1_genomic',ramosa,K I. ramosa,2304581,60.8,91.64,NA
'GCA_009841105.1_ASM984110v1_genomic',ramosa,K I. ramosa,3050210,66.1,89.92,NA
'GCA_009841145.1_ASM984114v1_genomic',ramosa,K I. ramosa,4342617,62,86.71,NA
'GCA_009841165.1_ASM984116v1_genomic',ramosa,K I. ramosa,4271398,67.3,92.99,NA
'GCA_009841225.1_ASM984122v1_genomic',ramosa,K I. ramosa,5743471,63.6,89.4,NA
'GCA_009841235.1_ASM984123v1_genomic',ramosa,K I. ramosa,5198435,60.4,88.22,NA
'GCA_009841255.1_ASM984125v1_genomic',ramosa,K I. ramosa,5730401,48.3,87.99,NA
'GCA_009841265.1_ASM984126v1_genomic',ramosa,K I. ramosa,3742153,62.3,91.71,NA
'GCA_009841325.1_ASM984132v1_genomic',ramosa,K I. ramosa,3405915,61.1,93.36,NA
'GCA_009841335.1_ASM984133v1_genomic',ramosa,K I. ramosa,3489814,51.5,89.05,NA
'GCA_009841405.1_ASM984140v1_genomic',ramosa,K I. ramosa,4237473,61.2,90.04,NA
'GCA_009841435.1_ASM984143v1_genomic',ramosa,K I. ramosa,2708205,68.6,92.4,NA
'GCA_009841475.1_ASM984147v1_genomic',ramosa,K I. ramosa,4178274,67.8,91.41,NA
'GCA_009841545.1_ASM984154v1_genomic',ramosa,K I. ramosa,2975573,64.1,91.65,NA
'GCA_009841605.1_ASM984160v1_genomic',ramosa,K I. ramosa,3226973,60.7,86.9,NA
'GCA_009841665.1_ASM984166v1_genomic',ramosa,K I. ramosa,5748128,51,92.58,NA
'GCA_009841725.1_ASM984172v1_genomic',ramosa,K I. ramosa,2611800,59.6,89.5,NA
'GCA_009842195.1_ASM984219v1_genomic',ramosa,K I. ramosa,3212718,51.4,88.93,NA
'GCA_009842315.1_ASM984231v1_genomic',ramosa,K I. ramosa,3864360,69,92.56,NA
'GCA_009842405.1_ASM984240v1_genomic',ramosa,K I. ramosa,2751461,65.4,91.97,NA
'GCA_009842505.1_ASM984250v1_genomic',ramosa,K I. ramosa,3731799,62.4,87.58,NA
'GCA_009842675.1_ASM984267v1_genomic',ramosa,K I. ramosa,3385502,64.7,94.13,NA
'GCA_009843015.1_ASM984301v1_genomic',ramosa,K I. ramosa,3397634,68.3,93,NA
'GCA_009843505.1_ASM984350v1_genomic',ramosa,K I. ramosa,4522615,68.3,94.3,NA
'GCA_009843525.1_ASM984352v1_genomic',ramosa,K I. ramosa,3338356,67.3,92.83,NA
'GCA_009843665.1_ASM984366v1_genomic',ramosa,K I. ramosa,4564648,59.6,86.27,NA
'GCA_009843735.1_ASM984373v1_genomic',ramosa,K I. ramosa,3428838,69.6,93.72,NA
'GCA_009843785.1_ASM984378v1_genomic',ramosa,K I. ramosa,6170731,47.6,88.37,NA
'GCA_009843865.1_ASM984386v1_genomic',ramosa,K I. ramosa,1785529,53.7,92.53,NA
'GCA_009843885.1_ASM984388v1_genomic',ramosa,K I. ramosa,5874546,69.5,90.37,NA
'GCA_009843915.1_ASM984391v1_genomic',ramosa,K I. ramosa,3240544,69,93.57,NA
'GCA_009844085.1_ASM984408v1_genomic',ramosa,K I. ramosa,3434248,60.7,93.42,NA
'GCA_009844535.1_ASM984453v1_genomic',ramosa,K I. ramosa,4864705,59.4,93.74,NA
'GCA_009844885.1_ASM984488v1_genomic',ramosa,K I. ramosa,4895221,66.9,91.33,NA
'GCA_009845505.1_ASM984550v1_genomic',ramosa,K I. ramosa,4776395,48.2,90.35,NA
'GCA_009845765.1_ASM984576v1_genomic',ramosa,K I. ramosa,3790922,62.3,91.12,NA
'GCA_009845855.1_ASM984585v1_genomic',ramosa,K I. ramosa,3657233,68.8,92.73,NA
'GCA_009845885.1_ASM984588v1_genomic',ramosa,K I. ramosa,2805406,64.2,92.16,NA
'GCA_009846005.1_ASM984600v1_genomic',ramosa,K I. ramosa,4959962,64.9,91.57,NA
'GCA_002696985.1_ASM269698v1_genomic',nat,Tara Oceans North Atlantic,3898638,35.1,90.11,
'GCA_002697205.1_ASM269720v1_genomic',nat,Tara Oceans North Atlantic,3981412,49.5,88.79,
'GCA_002697225.1_ASM269722v1_genomic',nat,Tara Oceans North Atlantic,4167435,41.9,88.6,
'GCA_002697245.1_ASM269724v1_genomic',nat,Tara Oceans North Atlantic,4114335,63.7,90.27,
'GCA_002697285.1_ASM269728v1_genomic',nat,Tara Oceans North Atlantic,4242771,40.4,86.98,
'GCA_002697375.1_ASM269737v1_genomic',nat,Tara Oceans North Atlantic,4245982,61.2,90.25,
'GCA_002697445.1_ASM269744v1_genomic',nat,Tara Oceans North Atlantic,4968344,71.3,90.94,
'GCA_002697625.1_ASM269762v1_genomic',nat,Tara Oceans North Atlantic,1664267,30.8,95.67,
'GCA_002697735.1_ASM269773v1_genomic',nat,Tara Oceans North Atlantic,4946673,63.9,87.41,
'GCA_002697745.1_ASM269774v1_genomic',nat,Tara Oceans North Atlantic,4326382,60.3,90.53,
'GCA_002697785.1_ASM269778v1_genomic',nat,Tara Oceans North Atlantic,5201795,70.9,85.42,
'GCA_002697805.1_ASM269780v1_genomic',nat,Tara Oceans North Atlantic,3972912,55.2,91.25,
'GCA_002697965.1_ASM269796v1_genomic',nat,Tara Oceans North Atlantic,1962157,42.6,95.31,
'GCA_002698075.1_ASM269807v1_genomic',nat,Tara Oceans North Atlantic,2115656,29.9,95.02,
'GCA_002698125.1_ASM269812v1_genomic',nat,Tara Oceans North Atlantic,2633695,50.9,93.96,
'GCA_002698235.1_ASM269823v1_genomic',nat,Tara Oceans North Atlantic,1937208,36,95.81,
'GCA_002698425.1_ASM269842v1_genomic',nat,Tara Oceans North Atlantic,5696658,63.3,90.14,
'GCA_002698505.1_ASM269850v1_genomic',nat,Tara Oceans North Atlantic,2213321,58.9,89.79,
'GCA_002698575.1_ASM269857v1_genomic',nat,Tara Oceans North Atlantic,4316983,70.8,91.57,
'GCA_002698705.1_ASM269870v1_genomic',nat,Tara Oceans North Atlantic,1767573,33.1,94.5,
'GCA_002698765.1_ASM269876v1_genomic',nat,Tara Oceans North Atlantic,1988880,32.5,96.28,
'GCA_002698785.1_ASM269878v1_genomic',nat,Tara Oceans North Atlantic,7015219,52.7,92.53,
'GCA_002698895.1_ASM269889v1_genomic',nat,Tara Oceans North Atlantic,4854596,36.4,88.37,
'GCA_002698925.1_ASM269892v1_genomic',nat,Tara Oceans North Atlantic,1886450,44,93.9,
'GCA_002698965.1_ASM269896v1_genomic',nat,Tara Oceans North Atlantic,5424119,46.5,92.69,
'GCA_002698985.1_ASM269898v1_genomic',nat,Tara Oceans North Atlantic,4832204,51.8,87.23,
'GCA_002698995.1_ASM269899v1_genomic',nat,Tara Oceans North Atlantic,4231110,31.9,92.28,
'GCA_002699025.1_ASM269902v1_genomic',nat,Tara Oceans North Atlantic,9253999,73.9,87.24,
'GCA_002699085.1_ASM269908v1_genomic',nat,Tara Oceans North Atlantic,1886490,41.7,93.69,
'GCA_002699125.1_ASM269912v1_genomic',nat,Tara Oceans North Atlantic,8054069,54,90.11,
'GCA_002699145.1_ASM269914v1_genomic',nat,Tara Oceans North Atlantic,5201423,64.7,90.68,
'GCA_002699165.1_ASM269916v1_genomic',nat,Tara Oceans North Atlantic,1381496,30.6,95.02,
'GCA_002699205.1_ASM269920v1_genomic',nat,Tara Oceans North Atlantic,4466321,41.4,91.24,
'GCA_002699305.1_ASM269930v1_genomic',nat,Tara Oceans North Atlantic,5328004,62.4,89.3,
'GCA_002699365.1_ASM269936v1_genomic',nat,Tara Oceans North Atlantic,1822408,42.7,93.54,
'GCA_002699445.1_ASM269944v1_genomic',nat,Tara Oceans North Atlantic,2400453,56.9,92.24,
'GCA_002699455.1_ASM269945v1_genomic',nat,Tara Oceans North Atlantic,2084737,43,94.42,
'GCA_002699485.1_ASM269948v1_genomic',nat,Tara Oceans North Atlantic,1906463,38.8,93.62,
'GCA_002699585.1_ASM269958v1_genomic',nat,Tara Oceans North Atlantic,6701443,53,88.96,
'GCA_002699695.2_ASM269969v2_genomic',nat,Tara Oceans North Atlantic,1995055,37.7,91.76,
'GCA_002699725.1_ASM269972v1_genomic',nat,Tara Oceans North Atlantic,2116609,68.7,93.95,
'GCA_002700095.1_ASM270009v1_genomic',nat,Tara Oceans North Atlantic,5621037,67,86.27,
'GCA_002700125.1_ASM270012v1_genomic',nat,Tara Oceans North Atlantic,1222601,36,95.55,
'GCA_002700145.1_ASM270014v1_genomic',nat,Tara Oceans North Atlantic,5354704,66.5,90.87,
'GCA_002700265.1_ASM270026v1_genomic',nat,Tara Oceans North Atlantic,3856903,62.4,90.01,
'GCA_002700285.1_ASM270028v1_genomic',nat,Tara Oceans North Atlantic,2509760,43.3,94.33,
'GCA_002700305.1_ASM270030v1_genomic',nat,Tara Oceans North Atlantic,3518857,61.6,91.29,
'GCA_002700325.1_ASM270032v1_genomic',nat,Tara Oceans North Atlantic,5859138,67.5,88.25,
'GCA_002700335.1_ASM270033v1_genomic',nat,Tara Oceans North Atlantic,2275521,30.4,95.65,
'GCA_002700365.1_ASM270036v1_genomic',nat,Tara Oceans North Atlantic,2399875,48.7,89.87,
'GCA_002700385.1_ASM270038v1_genomic',nat,Tara Oceans North Atlantic,2516899,43.4,92.2,
'GCA_002701295.1_ASM270129v1_genomic',nat,Tara Oceans North Atlantic,3485647,54.4,91.63,
'GCA_002701305.1_ASM270130v1_genomic',nat,Tara Oceans North Atlantic,2915406,64.8,91.68,
'GCA_002701315.1_ASM270131v1_genomic',nat,Tara Oceans North Atlantic,6175078,54.3,91.48,
'GCA_002701365.1_ASM270136v1_genomic',nat,Tara Oceans North Atlantic,1545239,30.5,96.58,
'GCA_002701375.1_ASM270137v1_genomic',nat,Tara Oceans North Atlantic,3000427,51.2,85.81,
'GCA_002701385.1_ASM270138v1_genomic',nat,Tara Oceans North Atlantic,4890980,48.1,91.75,
'GCA_002701395.1_ASM270139v1_genomic',nat,Tara Oceans North Atlantic,5306035,65.5,90.34,
'GCA_002701445.1_ASM270144v1_genomic',nat,Tara Oceans North Atlantic,3698377,55,89.86,
'GCA_002701455.1_ASM270145v1_genomic',nat,Tara Oceans North Atlantic,2860664,42.5,91.93,
'GCA_002701525.1_ASM270152v1_genomic',nat,Tara Oceans North Atlantic,1450177,30.8,96.57,
'GCA_002701545.1_ASM270154v1_genomic',nat,Tara Oceans North Atlantic,7804056,56.1,88.87,
'GCA_002701785.1_ASM270178v1_genomic',nat,Tara Oceans North Atlantic,1823205,32.8,96.02,
'GCA_002701805.1_ASM270180v1_genomic',nat,Tara Oceans North Atlantic,1342867,31.3,95.47,
'GCA_002701825.1_ASM270182v1_genomic',nat,Tara Oceans North Atlantic,2332376,31.2,95.54,
'GCA_002701845.1_ASM270184v1_genomic',nat,Tara Oceans North Atlantic,4895318,57.4,90.72,
'GCA_002701925.1_ASM270192v1_genomic',nat,Tara Oceans North Atlantic,1056808,32.5,96.15,
'GCA_002702065.1_ASM270206v1_genomic',nat,Tara Oceans North Atlantic,6768311,57.1,91.61,
'GCA_002702085.1_ASM270208v1_genomic',nat,Tara Oceans North Atlantic,2500049,50.7,93.77,
'GCA_002702145.1_ASM270214v1_genomic',nat,Tara Oceans North Atlantic,3539946,64.4,89.59,
'GCA_002702365.1_ASM270236v1_genomic',nat,Tara Oceans North Atlantic,3468250,41,94.63,
'GCA_002702575.1_ASM270257v1_genomic',nat,Tara Oceans North Atlantic,3172060,57.8,93.46,
'GCA_002702655.1_ASM270265v1_genomic',nat,Tara Oceans North Atlantic,7415867,64.4,85.05,
'GCA_002702705.1_ASM270270v1_genomic',nat,Tara Oceans North Atlantic,5885093,41.4,90.09,
'GCA_002702725.1_ASM270272v1_genomic',nat,Tara Oceans North Atlantic,3562751,57.7,90.33,
'GCA_002702745.1_ASM270274v1_genomic',nat,Tara Oceans North Atlantic,1327887,30.4,96.16,
'GCA_002702785.1_ASM270278v1_genomic',nat,Tara Oceans North Atlantic,2732301,69.6,92.93,
'GCA_002702835.1_ASM270283v1_genomic',nat,Tara Oceans North Atlantic,3558106,66.8,91.4,
'GCA_002702875.1_ASM270287v1_genomic',nat,Tara Oceans North Atlantic,1705009,28.6,96.25,
'GCA_002702895.1_ASM270289v1_genomic',nat,Tara Oceans North Atlantic,1865845,28.4,95.85,
'GCA_002703625.1_ASM270362v1_genomic',nat,Tara Oceans North Atlantic,8196304,71.3,92.37,
'GCA_002703665.1_ASM270366v1_genomic',nat,Tara Oceans North Atlantic,3443367,64.9,90.73,
'GCA_002704875.1_ASM270487v1_genomic',nat,Tara Oceans North Atlantic,1625503,31.5,96.51,
'GCA_002704915.1_ASM270491v1_genomic',nat,Tara Oceans North Atlantic,4497611,59.1,90.28,
'GCA_002704965.1_ASM270496v1_genomic',nat,Tara Oceans North Atlantic,1748467,32.9,95.77,
'GCA_002705045.2_ASM270504v2_genomic',nat,Tara Oceans North Atlantic,2235388,38,91.05,
'GCA_002705055.1_ASM270505v1_genomic',nat,Tara Oceans North Atlantic,3853292,66.9,94.58,
'GCA_002705085.1_ASM270508v1_genomic',nat,Tara Oceans North Atlantic,1975315,57.7,94.63,
'GCA_002705125.1_ASM270512v1_genomic',nat,Tara Oceans North Atlantic,2975687,38.8,94.17,
'GCA_002705145.1_ASM270514v1_genomic',nat,Tara Oceans North Atlantic,3305258,43.9,89.78,
'GCA_002705305.1_ASM270530v1_genomic',nat,Tara Oceans North Atlantic,2540084,55,94.31,
'GCA_002705605.1_ASM270560v1_genomic',nat,Tara Oceans North Atlantic,1642075,28.3,96.42,
'GCA_002705625.1_ASM270562v1_genomic',nat,Tara Oceans North Atlantic,1120682,29.9,96.41,
'GCA_002710865.1_ASM271086v1_genomic',nat,Tara Oceans North Atlantic,4884171,63.8,90.38,
'GCA_002710945.1_ASM271094v1_genomic',nat,Tara Oceans North Atlantic,4372514,40.7,91.23,
'GCA_002711075.1_ASM271107v1_genomic',nat,Tara Oceans North Atlantic,1986386,33,92.7,
'GCA_002711105.1_ASM271110v1_genomic',nat,Tara Oceans North Atlantic,3709474,55.4,91.66,
'GCA_002711125.1_ASM271112v1_genomic',nat,Tara Oceans North Atlantic,1691798,29.1,96.11,
'GCA_002711135.1_ASM271113v1_genomic',nat,Tara Oceans North Atlantic,2450038,30.2,94.97,
'GCA_002711185.1_ASM271118v1_genomic',nat,Tara Oceans North Atlantic,1822488,29.9,95.58,
'GCA_002711205.1_ASM271120v1_genomic',nat,Tara Oceans North Atlantic,2818849,45.2,91.87,
'GCA_002591625.1_ASM259162v1_genomic',spa,Tara Oceans South Pacific,2556368,44.6,89.41,
'GCA_002708715.1_ASM270871v1_genomic',spa,Tara Oceans South Pacific,2468286,31.7,95.22,
'GCA_002708795.1_ASM270879v1_genomic',spa,Tara Oceans South Pacific,3284009,65.9,91.47,
'GCA_002708825.1_ASM270882v1_genomic',spa,Tara Oceans South Pacific,4696839,64.1,90.5,
'GCA_002708845.1_ASM270884v1_genomic',spa,Tara Oceans South Pacific,4353457,40.5,91.26,
'GCA_002708885.1_ASM270888v1_genomic',spa,Tara Oceans South Pacific,3400303,43.6,94.1,
'GCA_002708905.1_ASM270890v1_genomic',spa,Tara Oceans South Pacific,5418417,52.7,91.52,
'GCA_002708935.1_ASM270893v1_genomic',spa,Tara Oceans South Pacific,2408629,53,94.34,
'GCA_002708965.1_ASM270896v1_genomic',spa,Tara Oceans South Pacific,3619350,56.8,90.72,
'GCA_002708985.1_ASM270898v1_genomic',spa,Tara Oceans South Pacific,1982125,41.7,95.53,
'GCA_002708995.1_ASM270899v1_genomic',spa,Tara Oceans South Pacific,2602685,63.2,89.02,
'GCA_002709045.1_ASM270904v1_genomic',spa,Tara Oceans South Pacific,4535358,46.5,92.12,
'GCA_002709065.1_ASM270906v1_genomic',spa,Tara Oceans South Pacific,6637452,67.9,89.71,
'GCA_002709075.1_ASM270907v1_genomic',spa,Tara Oceans South Pacific,2522793,40.4,89.24,
'GCA_002709205.1_ASM270920v1_genomic',spa,Tara Oceans South Pacific,3353936,53.7,92.55,
'GCA_002709235.1_ASM270923v1_genomic',spa,Tara Oceans South Pacific,3804787,55.9,90.53,
'GCA_002709295.1_ASM270929v1_genomic',spa,Tara Oceans South Pacific,3678879,65.7,91.95,
'GCA_002709305.1_ASM270930v1_genomic',spa,Tara Oceans South Pacific,2315296,32.5,94.29,
'GCA_002709345.1_ASM270934v1_genomic',spa,Tara Oceans South Pacific,4248066,65,89.93,
'GCA_002709385.1_ASM270938v1_genomic',spa,Tara Oceans South Pacific,3152361,38.5,91.56,
'GCA_002709405.1_ASM270940v1_genomic',spa,Tara Oceans South Pacific,5385524,65.7,89.51,
'GCA_002709445.1_ASM270944v1_genomic',spa,Tara Oceans South Pacific,3875926,63.4,90.8,
'GCA_002709525.1_ASM270952v1_genomic',spa,Tara Oceans South Pacific,3175648,52.7,89.02,
'GCA_002709565.1_ASM270956v1_genomic',spa,Tara Oceans South Pacific,2411759,44.9,91.76,
'GCA_002709595.1_ASM270959v1_genomic',spa,Tara Oceans South Pacific,3871704,61.3,91.14,
'GCA_002709665.1_ASM270966v1_genomic',spa,Tara Oceans South Pacific,5266773,53,88.97,
'GCA_002709695.1_ASM270969v1_genomic',spa,Tara Oceans South Pacific,5196966,41.1,86.43,
'GCA_002709755.1_ASM270975v1_genomic',spa,Tara Oceans South Pacific,2624986,59.9,92.42,
'GCA_002709775.1_ASM270977v1_genomic',spa,Tara Oceans South Pacific,4238835,55.5,88.95,
'GCA_002709915.1_ASM270991v1_genomic',spa,Tara Oceans South Pacific,3632077,53.9,92.15,
'GCA_002709955.1_ASM270995v1_genomic',spa,Tara Oceans South Pacific,4232139,55.6,90.38,
'GCA_002711415.1_ASM271141v1_genomic',spa,Tara Oceans South Pacific,2804671,61,92.95,
'GCA_002711455.1_ASM271145v1_genomic',spa,Tara Oceans South Pacific,3478601,44.6,92.18,
'GCA_002711525.1_ASM271152v1_genomic',spa,Tara Oceans South Pacific,3293198,51.7,89.72,
'GCA_002711555.1_ASM271155v1_genomic',spa,Tara Oceans South Pacific,2740912,45.2,90.6,
'GCA_002711615.1_ASM271161v1_genomic',spa,Tara Oceans South Pacific,4856351,71.3,91.02,
'GCA_002715265.1_ASM271526v1_genomic',spa,Tara Oceans South Pacific,1668993,29.8,95.35,
'GCA_002715465.1_ASM271546v1_genomic',spa,Tara Oceans South Pacific,2450610,34.2,94.35,
'GCA_002715485.1_ASM271548v1_genomic',spa,Tara Oceans South Pacific,2802668,38,92.46,
'GCA_002715505.1_ASM271550v1_genomic',spa,Tara Oceans South Pacific,1695481,29.5,95.29,
'GCA_002715585.1_ASM271558v1_genomic',spa,Tara Oceans South Pacific,1781988,33,96.62,
'GCA_002715605.1_ASM271560v1_genomic',spa,Tara Oceans South Pacific,4898945,40.2,91.62,
'GCA_002715685.1_ASM271568v1_genomic',spa,Tara Oceans South Pacific,3563167,64.7,90.33,
'GCA_002715705.1_ASM271570v1_genomic',spa,Tara Oceans South Pacific,1354892,34.3,94.5,
'GCA_002715765.1_ASM271576v1_genomic',spa,Tara Oceans South Pacific,3649144,55.9,90.21,
'GCA_002715825.1_ASM271582v1_genomic',spa,Tara Oceans South Pacific,3645475,54.3,92.3,
'GCA_002715965.1_ASM271596v1_genomic',spa,Tara Oceans South Pacific,6081546,56.5,90.82,
'GCA_002716005.1_ASM271600v1_genomic',spa,Tara Oceans South Pacific,3674042,40.1,92.1,
'GCA_002716045.1_ASM271604v1_genomic',spa,Tara Oceans South Pacific,3920992,51.5,94.67,
'GCA_002716065.1_ASM271606v1_genomic',spa,Tara Oceans South Pacific,2327368,32.6,95.6,
'GCA_002716125.1_ASM271612v1_genomic',spa,Tara Oceans South Pacific,4782217,57.4,92.51,
'GCA_002716175.1_ASM271617v1_genomic',spa,Tara Oceans South Pacific,3401106,63.7,91.43,
'GCA_002716225.1_ASM271622v1_genomic',spa,Tara Oceans South Pacific,2932452,33.7,93.04,
'GCA_002716245.1_ASM271624v1_genomic',spa,Tara Oceans South Pacific,3029302,58.6,87.98,
'GCA_002716265.1_ASM271626v1_genomic',spa,Tara Oceans South Pacific,2980545,61,91.73,
'GCA_002716345.1_ASM271634v1_genomic',spa,Tara Oceans South Pacific,1497536,29.7,96.95,
'GCA_002716355.1_ASM271635v1_genomic',spa,Tara Oceans South Pacific,1264697,35.9,97.56,
'GCA_002716465.1_ASM271646v1_genomic',spa,Tara Oceans South Pacific,1821255,47.8,93.02,
'GCA_002716505.1_ASM271650v1_genomic',spa,Tara Oceans South Pacific,1574062,33.2,94.7,
'GCA_002716545.1_ASM271654v1_genomic',spa,Tara Oceans South Pacific,2350912,42.8,92.31,
'GCA_002716625.1_ASM271662v1_genomic',spa,Tara Oceans South Pacific,3354005,50.9,89.34,
'GCA_002716865.1_ASM271686v1_genomic',spa,Tara Oceans South Pacific,1292318,33.1,95.69,
'GCA_002717045.1_ASM271704v1_genomic',spa,Tara Oceans South Pacific,3249496,47.5,88.05,
'GCA_002717105.1_ASM271710v1_genomic',spa,Tara Oceans South Pacific,4136009,57.9,90.11,
'GCA_002717125.1_ASM271712v1_genomic',spa,Tara Oceans South Pacific,3238912,61.3,92.51,
'GCA_002717205.1_ASM271720v1_genomic',spa,Tara Oceans South Pacific,2007118,51.4,87.52,
'GCA_002717245.1_ASM271724v1_genomic',spa,Tara Oceans South Pacific,1144502,25.7,96.07,
'GCA_002717285.1_ASM271728v1_genomic',spa,Tara Oceans South Pacific,2030970,40.6,88.75,
'GCA_002717465.1_ASM271746v1_genomic',spa,Tara Oceans South Pacific,1985284,40.2,92.51,
'GCA_002717485.1_ASM271748v1_genomic',spa,Tara Oceans South Pacific,1404973,29.5,96.02,
'GCA_002717515.1_ASM271751v1_genomic',spa,Tara Oceans South Pacific,2643743,33.9,93.52,
'GCA_002717545.1_ASM271754v1_genomic',spa,Tara Oceans South Pacific,2135264,39.7,91.83,
'GCA_002717565.1_ASM271756v1_genomic',spa,Tara Oceans South Pacific,1683532,46.9,91.05,
'GCA_002717625.1_ASM271762v1_genomic',spa,Tara Oceans South Pacific,1490868,29,96.63,
'GCA_002717655.1_ASM271765v1_genomic',spa,Tara Oceans South Pacific,3067623,55.2,93.26,
'GCA_002717895.1_ASM271789v1_genomic',spa,Tara Oceans South Pacific,3190436,43.7,91.48,
'GCA_002717955.1_ASM271795v1_genomic',spa,Tara Oceans South Pacific,4100193,55.6,89.59,
'GCA_002718095.1_ASM271809v1_genomic',spa,Tara Oceans South Pacific,1437644,34.5,94.38,
'GCA_002718115.1_ASM271811v1_genomic',spa,Tara Oceans South Pacific,2653514,47.1,93.71,
'GCA_002718155.1_ASM271815v1_genomic',spa,Tara Oceans South Pacific,3203335,56.9,91.28,
'GCA_002718175.1_ASM271817v1_genomic',spa,Tara Oceans South Pacific,4523946,60.2,91.33,
'GCA_002718285.1_ASM271828v1_genomic',spa,Tara Oceans South Pacific,3031464,33,94.81,
'GCA_002718345.1_ASM271834v1_genomic',spa,Tara Oceans South Pacific,2293790,42.1,93.29,
'GCA_002718515.1_ASM271851v1_genomic',spa,Tara Oceans South Pacific,1946822,45.3,94.82,
'GCA_002718585.1_ASM271858v1_genomic',spa,Tara Oceans South Pacific,1457926,28.1,96.99,
'GCA_002718595.1_ASM271859v1_genomic',spa,Tara Oceans South Pacific,2021477,45.3,93.32,
'GCA_002718645.1_ASM271864v1_genomic',spa,Tara Oceans South Pacific,1749664,30.9,95.66,
'GCA_002718815.1_ASM271881v1_genomic',spa,Tara Oceans South Pacific,6383855,55.3,85.61,
'GCA_002719095.1_ASM271909v1_genomic',spa,Tara Oceans South Pacific,1455214,31.1,96.87,
'GCA_002719195.1_ASM271919v1_genomic',spa,Tara Oceans South Pacific,1524246,32.5,95.93,
'GCA_002719315.1_ASM271931v1_genomic',spa,Tara Oceans South Pacific,2102722,28,95.25,
'GCA_002719335.1_ASM271933v1_genomic',spa,Tara Oceans South Pacific,2319253,54.2,93.6,
'GCA_002719495.1_ASM271949v1_genomic',spa,Tara Oceans South Pacific,2758833,59.8,91.56,
'GCA_002719535.1_ASM271953v1_genomic',spa,Tara Oceans South Pacific,3364662,34.7,90.49,
'GCA_002719675.1_ASM271967v1_genomic',spa,Tara Oceans South Pacific,1403377,32.6,92.76,
'GCA_002719735.1_ASM271973v1_genomic',spa,Tara Oceans South Pacific,4535791,65.6,90.07,
'GCA_002719855.1_ASM271985v1_genomic',spa,Tara Oceans South Pacific,1744466,39.4,92.78,
'GCA_002719885.1_ASM271988v1_genomic',spa,Tara Oceans South Pacific,2784006,41.9,91.89,
'GCA_002719895.1_ASM271989v1_genomic',spa,Tara Oceans South Pacific,1778411,34.7,95.42,
'GCA_002719955.1_ASM271995v1_genomic',spa,Tara Oceans South Pacific,5851096,63.3,88.34,
'GCA_002720045.1_ASM272004v1_genomic',spa,Tara Oceans South Pacific,2719402,68.3,92.72,
'GCA_002720175.1_ASM272017v1_genomic',spa,Tara Oceans South Pacific,4470947,60.6,94.48,
'GCA_002720235.1_ASM272023v1_genomic',spa,Tara Oceans South Pacific,3248353,61.3,91.73,
'GCA_002720365.1_ASM272036v1_genomic',spa,Tara Oceans South Pacific,2005348,47.5,93.17,
'GCA_002720535.1_ASM272053v1_genomic',spa,Tara Oceans South Pacific,1677714,29.3,94.93,
'GCA_002720595.1_ASM272059v1_genomic',spa,Tara Oceans South Pacific,3127694,46.3,93.29,
'GCA_002720735.1_ASM272073v1_genomic',spa,Tara Oceans South Pacific,2111649,43,89.29,
'GCA_002720745.1_ASM272074v1_genomic',spa,Tara Oceans South Pacific,2172123,37.8,91.91,
'GCA_002720815.1_ASM272081v1_genomic',spa,Tara Oceans South Pacific,2418508,51,93.37,
'GCA_002720855.1_ASM272085v1_genomic',spa,Tara Oceans South Pacific,3575202,51,92.49,
'GCA_002720865.1_ASM272086v1_genomic',spa,Tara Oceans South Pacific,4908770,38.3,93.92,
'GCA_002720975.1_ASM272097v1_genomic',spa,Tara Oceans South Pacific,3580267,64,93,
'GCA_002721105.1_ASM272110v1_genomic',spa,Tara Oceans South Pacific,2484299,41.3,91,
'GCA_002721135.1_ASM272113v1_genomic',spa,Tara Oceans South Pacific,4617483,60.6,89.08,
'GCA_002721215.1_ASM272121v1_genomic',spa,Tara Oceans South Pacific,3667612,63,85.11,
'GCA_002721275.1_ASM272127v1_genomic',spa,Tara Oceans South Pacific,1623259,30.4,95.4,
'GCA_002721295.1_ASM272129v1_genomic',spa,Tara Oceans South Pacific,1764392,39.4,93.02,
'GCA_002721445.1_ASM272144v1_genomic',spa,Tara Oceans South Pacific,1712152,30.5,93.94,
'GCA_002721545.1_ASM272154v1_genomic',spa,Tara Oceans South Pacific,2016084,37.3,89.43,
'GCA_002721595.1_ASM272159v1_genomic',spa,Tara Oceans South Pacific,2338586,47.6,94.01,
'GCA_002721615.1_ASM272161v1_genomic',spa,Tara Oceans South Pacific,1460664,30.3,94.58,
'GCA_002721695.1_ASM272169v1_genomic',spa,Tara Oceans South Pacific,4161290,60.8,91.97,
'GCA_002721705.1_ASM272170v1_genomic',spa,Tara Oceans South Pacific,3541024,54,94.57,
'GCA_002721725.1_ASM272172v1_genomic',spa,Tara Oceans South Pacific,1715815,52.9,94.18,
'GCA_002721785.1_ASM272178v1_genomic',spa,Tara Oceans South Pacific,2717702,57.2,92.26,
'GCA_002721815.1_ASM272181v1_genomic',spa,Tara Oceans South Pacific,4601103,51.3,94.58,
'GCA_002721895.1_ASM272189v1_genomic',spa,Tara Oceans South Pacific,3720822,57.1,93.98,
'GCA_002721995.1_ASM272199v1_genomic',spa,Tara Oceans South Pacific,2565722,60.6,87.68,
'GCA_002722055.1_ASM272205v1_genomic',spa,Tara Oceans South Pacific,2156134,31,94.3,
'GCA_002722095.1_ASM272209v1_genomic',spa,Tara Oceans South Pacific,3873432,55.8,93.04,
'GCA_002722155.1_ASM272215v1_genomic',spa,Tara Oceans South Pacific,1647144,41.7,91.62,
'GCA_002722165.1_ASM272216v1_genomic',spa,Tara Oceans South Pacific,1204724,28.5,95.86,
'GCA_002722175.1_ASM272217v1_genomic',spa,Tara Oceans South Pacific,2793604,43.3,89.08,
'GCA_002722215.1_ASM272221v1_genomic',spa,Tara Oceans South Pacific,1426555,31.5,96.36,
'GCA_002722245.1_ASM272224v1_genomic',spa,Tara Oceans South Pacific,3000463,34.7,93.05,
'GCA_002722295.1_ASM272229v1_genomic',spa,Tara Oceans South Pacific,4741554,65.7,88.73,
'GCA_002722335.1_ASM272233v1_genomic',spa,Tara Oceans South Pacific,2773625,43,94.48,
'GCA_002722455.1_ASM272245v1_genomic',spa,Tara Oceans South Pacific,2484032,30.9,89.08,
'GCA_002722565.1_ASM272256v1_genomic',spa,Tara Oceans South Pacific,2467670,51.9,94.2,
'GCA_002722705.1_ASM272270v1_genomic',spa,Tara Oceans South Pacific,3997395,39.4,92.76,
'GCA_002722795.1_ASM272279v1_genomic',spa,Tara Oceans South Pacific,1736712,38.5,95.39,
'GCA_002722805.1_ASM272280v1_genomic',spa,Tara Oceans South Pacific,3673197,61.6,91.11,
'GCA_002722885.1_ASM272288v1_genomic',spa,Tara Oceans South Pacific,3712544,62.1,91.47,
'GCA_002722965.1_ASM272296v1_genomic',spa,Tara Oceans South Pacific,3140658,45.5,91.57,
'GCA_002723015.1_ASM272301v1_genomic',spa,Tara Oceans South Pacific,4056388,56,92.53,
'GCA_002723075.1_ASM272307v1_genomic',spa,Tara Oceans South Pacific,1689504,40.2,95.44,
'GCA_002723085.1_ASM272308v1_genomic',spa,Tara Oceans South Pacific,2431853,30,95.79,
'GCA_002723125.1_ASM272312v1_genomic',spa,Tara Oceans South Pacific,1660234,39.9,94.29,
'GCA_002723155.1_ASM272315v1_genomic',spa,Tara Oceans South Pacific,3843638,55.5,91.38,
'GCA_002723175.1_ASM272317v1_genomic',spa,Tara Oceans South Pacific,2305420,48.2,95.01,
'GCA_002723205.1_ASM272320v1_genomic',spa,Tara Oceans South Pacific,5656820,43.9,87.89,
'GCA_002723235.1_ASM272323v1_genomic',spa,Tara Oceans South Pacific,4460577,55.3,91.69,
'GCA_002723255.1_ASM272325v1_genomic',spa,Tara Oceans South Pacific,3020114,60.6,89.82,
'GCA_002723275.1_ASM272327v1_genomic',spa,Tara Oceans South Pacific,6798689,52.8,88.27,
'GCA_002723305.1_ASM272330v1_genomic',spa,Tara Oceans South Pacific,3744199,61.5,90.15,
'GCA_002723335.1_ASM272333v1_genomic',spa,Tara Oceans South Pacific,3734379,61.6,92.56,
'GCA_002723415.1_ASM272341v1_genomic',spa,Tara Oceans South Pacific,1860284,30.3,94.33,
'GCA_002723655.1_ASM272365v1_genomic',spa,Tara Oceans South Pacific,2948989,62.5,91.86,