,means,paired,phylum,class,class_fraction
jk18x1bzbins_75,0.126858486,jk18x1bzbins_75,p__Proteobacteria,1_c__Alphaproteobacteria,1_c__Alphaproteobacteria_Zgenome
jk18x22bins_31,0.105853493,jk18x22bins_31,p__Proteobacteria,1_c__Alphaproteobacteria,1_c__Alphaproteobacteria_Zgenome
jk18x22bins_41,0.093169761,jk18x22bins_41,p__Proteobacteria,1_c__Alphaproteobacteria,1_c__Alphaproteobacteria_Zgenome
jk18x27bins_25,0.112372397,jk18x27bins_25,p__Proteobacteria,1_c__Alphaproteobacteria,1_c__Alphaproteobacteria_Zgenome
jk18x27bins_37,0.073723631,jk18x27bins_37,p__Proteobacteria,1_c__Alphaproteobacteria,1_c__Alphaproteobacteria_Zgenome
jk18x7bins_59,0.115195911,jk18x7bins_59,p__Proteobacteria,1_c__Alphaproteobacteria,1_c__Alphaproteobacteria_Zgenome
jk18x8bins_7,0.101270272,jk18x8bins_7,p__Proteobacteria,1_c__Alphaproteobacteria,1_c__Alphaproteobacteria_Zgenome
jk18x9bins_84,0.071018609,jk18x9bins_84,p__Proteobacteria,1_c__Alphaproteobacteria,1_c__Alphaproteobacteria_Zgenome
jk18x9bins_88,0.104406867,jk18x9bins_88,p__Proteobacteria,1_c__Alphaproteobacteria,1_c__Alphaproteobacteria_Zgenome
jk18xAbins_48,0.10128809,jk18xAbins_48,p__Proteobacteria,1_c__Alphaproteobacteria,1_c__Alphaproteobacteria_Zgenome
p16x34bins_31,0.090124341,p16x34bins_31,p__Proteobacteria,1_c__Alphaproteobacteria,1_c__Alphaproteobacteria_Zgenome
p16x43bins_5,0.087002767,p16x43bins_5,p__Proteobacteria,1_c__Alphaproteobacteria,1_c__Alphaproteobacteria_Zgenome
p16x44bins_53,0.078636874,p16x44bins_53,p__Proteobacteria,1_c__Alphaproteobacteria,1_c__Alphaproteobacteria_Zgenome
p16x44bins_6,0.108414107,p16x44bins_6,p__Proteobacteria,1_c__Alphaproteobacteria,1_c__Alphaproteobacteria_Zgenome
p16x65bins_51,0.085477778,p16x65bins_51,p__Proteobacteria,1_c__Alphaproteobacteria,1_c__Alphaproteobacteria_Zgenome
jk18x1bzbins_75,0.0245455,jk18x1bzbins_75,p__Proteobacteria,1_c__Alphaproteobacteria,1_c__Alphaproteobacteria_AK00222
jk18x22bins_31,0.0563636,jk18x22bins_31,p__Proteobacteria,1_c__Alphaproteobacteria,1_c__Alphaproteobacteria_AK00222
jk18x22bins_41,0.0598111,jk18x22bins_41,p__Proteobacteria,1_c__Alphaproteobacteria,1_c__Alphaproteobacteria_AK00222
jk18x27bins_25,0.0463636,jk18x27bins_25,p__Proteobacteria,1_c__Alphaproteobacteria,1_c__Alphaproteobacteria_AK00222
jk18x27bins_37,0.0190909,jk18x27bins_37,p__Proteobacteria,1_c__Alphaproteobacteria,1_c__Alphaproteobacteria_AK00222
jk18x7bins_59,0.03,jk18x7bins_59,p__Proteobacteria,1_c__Alphaproteobacteria,1_c__Alphaproteobacteria_AK00222
jk18x8bins_7,0.0409091,jk18x8bins_7,p__Proteobacteria,1_c__Alphaproteobacteria,1_c__Alphaproteobacteria_AK00222
jk18x9bins_84,0.0063636,jk18x9bins_84,p__Proteobacteria,1_c__Alphaproteobacteria,1_c__Alphaproteobacteria_AK00222
jk18x9bins_88,0.0327273,jk18x9bins_88,p__Proteobacteria,1_c__Alphaproteobacteria,1_c__Alphaproteobacteria_AK00222
jk18xAbins_48,0.0581818,jk18xAbins_48,p__Proteobacteria,1_c__Alphaproteobacteria,1_c__Alphaproteobacteria_AK00222
p16x34bins_31,0.0309091,p16x34bins_31,p__Proteobacteria,1_c__Alphaproteobacteria,1_c__Alphaproteobacteria_AK00222
p16x43bins_5,0.0725295,p16x43bins_5,p__Proteobacteria,1_c__Alphaproteobacteria,1_c__Alphaproteobacteria_AK00222
p16x44bins_53,0.0227273,p16x44bins_53,p__Proteobacteria,1_c__Alphaproteobacteria,1_c__Alphaproteobacteria_AK00222
p16x44bins_6,0.0663636,p16x44bins_6,p__Proteobacteria,1_c__Alphaproteobacteria,1_c__Alphaproteobacteria_AK00222
p16x65bins_51,0.0679964,p16x65bins_51,p__Proteobacteria,1_c__Alphaproteobacteria,1_c__Alphaproteobacteria_AK00222
jk18x1bzbins_75,0.0597715,jk18x1bzbins_75,p__Proteobacteria,1_c__Alphaproteobacteria,1_c__Alphaproteobacteria_EK01852
jk18x22bins_31,0.077194,jk18x22bins_31,p__Proteobacteria,1_c__Alphaproteobacteria,1_c__Alphaproteobacteria_EK01852
jk18x22bins_41,0.0369831,jk18x22bins_41,p__Proteobacteria,1_c__Alphaproteobacteria,1_c__Alphaproteobacteria_EK01852
jk18x27bins_25,0.0583065,jk18x27bins_25,p__Proteobacteria,1_c__Alphaproteobacteria,1_c__Alphaproteobacteria_EK01852
jk18x27bins_37,0.0316994,jk18x27bins_37,p__Proteobacteria,1_c__Alphaproteobacteria,1_c__Alphaproteobacteria_EK01852
jk18x7bins_59,0.0759813,jk18x7bins_59,p__Proteobacteria,1_c__Alphaproteobacteria,1_c__Alphaproteobacteria_EK01852
jk18x8bins_7,0.0479252,jk18x8bins_7,p__Proteobacteria,1_c__Alphaproteobacteria,1_c__Alphaproteobacteria_EK01852
jk18x9bins_84,0.0428907,jk18x9bins_84,p__Proteobacteria,1_c__Alphaproteobacteria,1_c__Alphaproteobacteria_EK01852
jk18x9bins_88,0.0636792,jk18x9bins_88,p__Proteobacteria,1_c__Alphaproteobacteria,1_c__Alphaproteobacteria_EK01852
jk18xAbins_48,0.0742574,jk18xAbins_48,p__Proteobacteria,1_c__Alphaproteobacteria,1_c__Alphaproteobacteria_EK01852
p16x34bins_31,0.0365566,p16x34bins_31,p__Proteobacteria,1_c__Alphaproteobacteria,1_c__Alphaproteobacteria_EK01852
p16x43bins_5,0.1033982,p16x43bins_5,p__Proteobacteria,1_c__Alphaproteobacteria,1_c__Alphaproteobacteria_EK01852
p16x44bins_53,0.0192196,p16x44bins_53,p__Proteobacteria,1_c__Alphaproteobacteria,1_c__Alphaproteobacteria_EK01852
p16x44bins_6,0.0806597,p16x44bins_6,p__Proteobacteria,1_c__Alphaproteobacteria,1_c__Alphaproteobacteria_EK01852
p16x65bins_51,0.1042695,p16x65bins_51,p__Proteobacteria,1_c__Alphaproteobacteria,1_c__Alphaproteobacteria_EK01852
jk18x1bzbins_75,0.0149042,jk18x1bzbins_75,p__Proteobacteria,1_c__Alphaproteobacteria,1_c__Alphaproteobacteria_CK05917
jk18x22bins_31,0.0580737,jk18x22bins_31,p__Proteobacteria,1_c__Alphaproteobacteria,1_c__Alphaproteobacteria_CK05917
jk18x22bins_41,0.0163236,jk18x22bins_41,p__Proteobacteria,1_c__Alphaproteobacteria,1_c__Alphaproteobacteria_CK05917
jk18x27bins_25,0.0390348,jk18x27bins_25,p__Proteobacteria,1_c__Alphaproteobacteria,1_c__Alphaproteobacteria_CK05917
jk18x27bins_37,0.0134561,jk18x27bins_37,p__Proteobacteria,1_c__Alphaproteobacteria,1_c__Alphaproteobacteria_CK05917
jk18x7bins_59,0.0292354,jk18x7bins_59,p__Proteobacteria,1_c__Alphaproteobacteria,1_c__Alphaproteobacteria_CK05917
jk18x8bins_7,0.0276792,jk18x8bins_7,p__Proteobacteria,1_c__Alphaproteobacteria,1_c__Alphaproteobacteria_CK05917
jk18x9bins_84,0.0317348,jk18x9bins_84,p__Proteobacteria,1_c__Alphaproteobacteria,1_c__Alphaproteobacteria_CK05917
jk18x9bins_88,0.0440028,jk18x9bins_88,p__Proteobacteria,1_c__Alphaproteobacteria,1_c__Alphaproteobacteria_CK05917
jk18xAbins_48,0.0567779,jk18xAbins_48,p__Proteobacteria,1_c__Alphaproteobacteria,1_c__Alphaproteobacteria_CK05917
p16x34bins_31,0.0198723,p16x34bins_31,p__Proteobacteria,1_c__Alphaproteobacteria,1_c__Alphaproteobacteria_CK05917
p16x43bins_5,0.1162311,p16x43bins_5,p__Proteobacteria,1_c__Alphaproteobacteria,1_c__Alphaproteobacteria_CK05917
p16x44bins_53,0.0177431,p16x44bins_53,p__Proteobacteria,1_c__Alphaproteobacteria,1_c__Alphaproteobacteria_CK05917
p16x44bins_6,0.0678233,p16x44bins_6,p__Proteobacteria,1_c__Alphaproteobacteria,1_c__Alphaproteobacteria_CK05917
p16x65bins_51,0.1114327,p16x65bins_51,p__Proteobacteria,1_c__Alphaproteobacteria,1_c__Alphaproteobacteria_CK05917
jk18x11bins_34,0.118429523,jk18x11bins_34,p__Proteobacteria,2_c__Gammaproteobacteria,2_c__Gammaproteobacteria_Zgenome
jk18x11bins_53,0.058496093,jk18x11bins_53,p__Proteobacteria,2_c__Gammaproteobacteria,2_c__Gammaproteobacteria_Zgenome
jk18x1bzbins_11,0.101665847,jk18x1bzbins_11,p__Proteobacteria,2_c__Gammaproteobacteria,2_c__Gammaproteobacteria_Zgenome
jk18x1bzbins_61,0.094018827,jk18x1bzbins_61,p__Proteobacteria,2_c__Gammaproteobacteria,2_c__Gammaproteobacteria_Zgenome
jk18x22bins_18,0.033388187,jk18x22bins_18,p__Proteobacteria,2_c__Gammaproteobacteria,2_c__Gammaproteobacteria_Zgenome
jk18x22bins_30,0.087340577,jk18x22bins_30,p__Proteobacteria,2_c__Gammaproteobacteria,2_c__Gammaproteobacteria_Zgenome
jk18x22bins_52,0.099501602,jk18x22bins_52,p__Proteobacteria,2_c__Gammaproteobacteria,2_c__Gammaproteobacteria_Zgenome
jk18x22bins_60,0.12133563,jk18x22bins_60,p__Proteobacteria,2_c__Gammaproteobacteria,2_c__Gammaproteobacteria_Zgenome
jk18x25bins_5,0.132081383,jk18x25bins_5,p__Proteobacteria,2_c__Gammaproteobacteria,2_c__Gammaproteobacteria_Zgenome
jk18x25bins_87,0.082876565,jk18x25bins_87,p__Proteobacteria,2_c__Gammaproteobacteria,2_c__Gammaproteobacteria_Zgenome
jk18x34bins_59,0.107959068,jk18x34bins_59,p__Proteobacteria,2_c__Gammaproteobacteria,2_c__Gammaproteobacteria_Zgenome
jk18x40bins_47,0.028650351,jk18x40bins_47,p__Proteobacteria,2_c__Gammaproteobacteria,2_c__Gammaproteobacteria_Zgenome
jk18x7bins_32,0.123162105,jk18x7bins_32,p__Proteobacteria,2_c__Gammaproteobacteria,2_c__Gammaproteobacteria_Zgenome
jk18x7bins_8,0.045231985,jk18x7bins_8,p__Proteobacteria,2_c__Gammaproteobacteria,2_c__Gammaproteobacteria_Zgenome
jk18xAbins_10,0.022376437,jk18xAbins_10,p__Proteobacteria,2_c__Gammaproteobacteria,2_c__Gammaproteobacteria_Zgenome
jk18xAbins_44,0.11146876,jk18xAbins_44,p__Proteobacteria,2_c__Gammaproteobacteria,2_c__Gammaproteobacteria_Zgenome
p16x33bins_2,0.084099526,p16x33bins_2,p__Proteobacteria,2_c__Gammaproteobacteria,2_c__Gammaproteobacteria_Zgenome
p16x34bins_24,0.088597965,p16x34bins_24,p__Proteobacteria,2_c__Gammaproteobacteria,2_c__Gammaproteobacteria_Zgenome
p16x57bins_39,0.119437109,p16x57bins_39,p__Proteobacteria,2_c__Gammaproteobacteria,2_c__Gammaproteobacteria_Zgenome
p16x60bins_11,0.059666201,p16x60bins_11,p__Proteobacteria,2_c__Gammaproteobacteria,2_c__Gammaproteobacteria_Zgenome
p16x60bins_63,0.085027157,p16x60bins_63,p__Proteobacteria,2_c__Gammaproteobacteria,2_c__Gammaproteobacteria_Zgenome
p16x65bins_14,0.087051602,p16x65bins_14,p__Proteobacteria,2_c__Gammaproteobacteria,2_c__Gammaproteobacteria_Zgenome
jk18x11bins_34,0.1084112,jk18x11bins_34,p__Proteobacteria,2_c__Gammaproteobacteria,2_c__Gammaproteobacteria_AK00222
jk18x11bins_53,0.0182815,jk18x11bins_53,p__Proteobacteria,2_c__Gammaproteobacteria,2_c__Gammaproteobacteria_AK00222
jk18x1bzbins_11,0.0592525,jk18x1bzbins_11,p__Proteobacteria,2_c__Gammaproteobacteria,2_c__Gammaproteobacteria_AK00222
jk18x1bzbins_61,0.019039,jk18x1bzbins_61,p__Proteobacteria,2_c__Gammaproteobacteria,2_c__Gammaproteobacteria_AK00222
jk18x22bins_18,0.0643902,jk18x22bins_18,p__Proteobacteria,2_c__Gammaproteobacteria,2_c__Gammaproteobacteria_AK00222
jk18x22bins_30,0.0398912,jk18x22bins_30,p__Proteobacteria,2_c__Gammaproteobacteria,2_c__Gammaproteobacteria_AK00222
jk18x22bins_52,0.0915684,jk18x22bins_52,p__Proteobacteria,2_c__Gammaproteobacteria,2_c__Gammaproteobacteria_AK00222
jk18x22bins_60,0.1073647,jk18x22bins_60,p__Proteobacteria,2_c__Gammaproteobacteria,2_c__Gammaproteobacteria_AK00222
jk18x25bins_5,0.0398912,jk18x25bins_5,p__Proteobacteria,2_c__Gammaproteobacteria,2_c__Gammaproteobacteria_AK00222
jk18x25bins_87,0.0336364,jk18x25bins_87,p__Proteobacteria,2_c__Gammaproteobacteria,2_c__Gammaproteobacteria_AK00222
jk18x34bins_59,0.0514064,jk18x34bins_59,p__Proteobacteria,2_c__Gammaproteobacteria,2_c__Gammaproteobacteria_AK00222
jk18x40bins_47,0.0073126,jk18x40bins_47,p__Proteobacteria,2_c__Gammaproteobacteria,2_c__Gammaproteobacteria_AK00222
jk18x7bins_32,0.1015413,jk18x7bins_32,p__Proteobacteria,2_c__Gammaproteobacteria,2_c__Gammaproteobacteria_AK00222
jk18x7bins_8,0.0638704,jk18x7bins_8,p__Proteobacteria,2_c__Gammaproteobacteria,2_c__Gammaproteobacteria_AK00222
jk18xAbins_10,0.0139405,jk18xAbins_10,p__Proteobacteria,2_c__Gammaproteobacteria,2_c__Gammaproteobacteria_AK00222
jk18xAbins_44,0.1024479,jk18xAbins_44,p__Proteobacteria,2_c__Gammaproteobacteria,2_c__Gammaproteobacteria_AK00222
p16x33bins_2,0.0501859,p16x33bins_2,p__Proteobacteria,2_c__Gammaproteobacteria,2_c__Gammaproteobacteria_AK00222
p16x34bins_24,0.03156,p16x34bins_24,p__Proteobacteria,2_c__Gammaproteobacteria,2_c__Gammaproteobacteria_AK00222
p16x57bins_39,0.0979148,p16x57bins_39,p__Proteobacteria,2_c__Gammaproteobacteria,2_c__Gammaproteobacteria_AK00222
p16x60bins_11,0.0173675,p16x60bins_11,p__Proteobacteria,2_c__Gammaproteobacteria,2_c__Gammaproteobacteria_AK00222
p16x60bins_63,0.03,p16x60bins_63,p__Proteobacteria,2_c__Gammaproteobacteria,2_c__Gammaproteobacteria_AK00222
p16x65bins_14,0.0483271,p16x65bins_14,p__Proteobacteria,2_c__Gammaproteobacteria,2_c__Gammaproteobacteria_AK00222
jk18x11bins_34,0.1292478,jk18x11bins_34,p__Proteobacteria,2_c__Gammaproteobacteria,2_c__Gammaproteobacteria_EK01852
jk18x11bins_53,0.0268942,jk18x11bins_53,p__Proteobacteria,2_c__Gammaproteobacteria,2_c__Gammaproteobacteria_EK01852
jk18x1bzbins_11,0.1026627,jk18x1bzbins_11,p__Proteobacteria,2_c__Gammaproteobacteria,2_c__Gammaproteobacteria_EK01852
jk18x1bzbins_61,0.0183038,jk18x1bzbins_61,p__Proteobacteria,2_c__Gammaproteobacteria,2_c__Gammaproteobacteria_EK01852
jk18x22bins_18,0.0421208,jk18x22bins_18,p__Proteobacteria,2_c__Gammaproteobacteria,2_c__Gammaproteobacteria_EK01852
jk18x22bins_30,0.0608387,jk18x22bins_30,p__Proteobacteria,2_c__Gammaproteobacteria,2_c__Gammaproteobacteria_EK01852
jk18x22bins_52,0.1101645,jk18x22bins_52,p__Proteobacteria,2_c__Gammaproteobacteria,2_c__Gammaproteobacteria_EK01852
jk18x22bins_60,0.1484171,jk18x22bins_60,p__Proteobacteria,2_c__Gammaproteobacteria,2_c__Gammaproteobacteria_EK01852
jk18x25bins_5,0.0185567,jk18x25bins_5,p__Proteobacteria,2_c__Gammaproteobacteria,2_c__Gammaproteobacteria_EK01852
jk18x25bins_87,0.0278107,jk18x25bins_87,p__Proteobacteria,2_c__Gammaproteobacteria,2_c__Gammaproteobacteria_EK01852
jk18x34bins_59,0.0712209,jk18x34bins_59,p__Proteobacteria,2_c__Gammaproteobacteria,2_c__Gammaproteobacteria_EK01852
jk18x40bins_47,0.0214832,jk18x40bins_47,p__Proteobacteria,2_c__Gammaproteobacteria,2_c__Gammaproteobacteria_EK01852
jk18x7bins_32,0.154226,jk18x7bins_32,p__Proteobacteria,2_c__Gammaproteobacteria,2_c__Gammaproteobacteria_EK01852
jk18x7bins_8,0.0579752,jk18x7bins_8,p__Proteobacteria,2_c__Gammaproteobacteria,2_c__Gammaproteobacteria_EK01852
jk18xAbins_10,0.0035789,jk18xAbins_10,p__Proteobacteria,2_c__Gammaproteobacteria,2_c__Gammaproteobacteria_EK01852
jk18xAbins_44,0.1480625,jk18xAbins_44,p__Proteobacteria,2_c__Gammaproteobacteria,2_c__Gammaproteobacteria_EK01852
p16x33bins_2,0.082842,p16x33bins_2,p__Proteobacteria,2_c__Gammaproteobacteria,2_c__Gammaproteobacteria_EK01852
p16x34bins_24,0.0259205,p16x34bins_24,p__Proteobacteria,2_c__Gammaproteobacteria,2_c__Gammaproteobacteria_EK01852
p16x57bins_39,0.1552921,p16x57bins_39,p__Proteobacteria,2_c__Gammaproteobacteria,2_c__Gammaproteobacteria_EK01852
p16x60bins_11,0.0323887,p16x60bins_11,p__Proteobacteria,2_c__Gammaproteobacteria,2_c__Gammaproteobacteria_EK01852
p16x60bins_63,0.0301775,p16x60bins_63,p__Proteobacteria,2_c__Gammaproteobacteria,2_c__Gammaproteobacteria_EK01852
p16x65bins_14,0.0860849,p16x65bins_14,p__Proteobacteria,2_c__Gammaproteobacteria,2_c__Gammaproteobacteria_EK01852
jk18x11bins_34,0.0898634,jk18x11bins_34,p__Proteobacteria,2_c__Gammaproteobacteria,2_c__Gammaproteobacteria_CK05917
jk18x11bins_53,0.0218156,jk18x11bins_53,p__Proteobacteria,2_c__Gammaproteobacteria,2_c__Gammaproteobacteria_CK05917
jk18x1bzbins_11,0.0535012,jk18x1bzbins_11,p__Proteobacteria,2_c__Gammaproteobacteria,2_c__Gammaproteobacteria_CK05917
jk18x1bzbins_61,0.0319375,jk18x1bzbins_61,p__Proteobacteria,2_c__Gammaproteobacteria,2_c__Gammaproteobacteria_CK05917
jk18x22bins_18,0.054288,jk18x22bins_18,p__Proteobacteria,2_c__Gammaproteobacteria,2_c__Gammaproteobacteria_CK05917
jk18x22bins_30,0.0652945,jk18x22bins_30,p__Proteobacteria,2_c__Gammaproteobacteria,2_c__Gammaproteobacteria_CK05917
jk18x22bins_52,0.1061372,jk18x22bins_52,p__Proteobacteria,2_c__Gammaproteobacteria,2_c__Gammaproteobacteria_CK05917
jk18x22bins_60,0.1179008,jk18x22bins_60,p__Proteobacteria,2_c__Gammaproteobacteria,2_c__Gammaproteobacteria_CK05917
jk18x25bins_5,0.016289,jk18x25bins_5,p__Proteobacteria,2_c__Gammaproteobacteria,2_c__Gammaproteobacteria_CK05917
jk18x25bins_87,0.009366,jk18x25bins_87,p__Proteobacteria,2_c__Gammaproteobacteria,2_c__Gammaproteobacteria_CK05917
jk18x34bins_59,0.0348506,jk18x34bins_59,p__Proteobacteria,2_c__Gammaproteobacteria,2_c__Gammaproteobacteria_CK05917
jk18x40bins_47,0.0324208,jk18x40bins_47,p__Proteobacteria,2_c__Gammaproteobacteria,2_c__Gammaproteobacteria_CK05917
jk18x7bins_32,0.0963336,jk18x7bins_32,p__Proteobacteria,2_c__Gammaproteobacteria,2_c__Gammaproteobacteria_CK05917
jk18x7bins_8,0.0528571,jk18x7bins_8,p__Proteobacteria,2_c__Gammaproteobacteria,2_c__Gammaproteobacteria_CK05917
jk18xAbins_10,0.0186567,jk18xAbins_10,p__Proteobacteria,2_c__Gammaproteobacteria,2_c__Gammaproteobacteria_CK05917
jk18xAbins_44,0.0841122,jk18xAbins_44,p__Proteobacteria,2_c__Gammaproteobacteria,2_c__Gammaproteobacteria_CK05917
p16x33bins_2,0.0637079,p16x33bins_2,p__Proteobacteria,2_c__Gammaproteobacteria,2_c__Gammaproteobacteria_CK05917
p16x34bins_24,0.0156472,p16x34bins_24,p__Proteobacteria,2_c__Gammaproteobacteria,2_c__Gammaproteobacteria_CK05917
p16x57bins_39,0.1200575,p16x57bins_39,p__Proteobacteria,2_c__Gammaproteobacteria,2_c__Gammaproteobacteria_CK05917
p16x60bins_11,0.0211119,p16x60bins_11,p__Proteobacteria,2_c__Gammaproteobacteria,2_c__Gammaproteobacteria_CK05917
p16x60bins_63,0.0180115,p16x60bins_63,p__Proteobacteria,2_c__Gammaproteobacteria,2_c__Gammaproteobacteria_CK05917
p16x65bins_14,0.0651396,p16x65bins_14,p__Proteobacteria,2_c__Gammaproteobacteria,2_c__Gammaproteobacteria_CK05917
jk18x7bins_52,0.103813892,jk18x7bins_52,p__Binatota,3_c__Binatia,3_c__Binatia_Zgenome
p16x34bins_64,0.121295857,p16x34bins_64,p__Binatota,3_c__Binatia,3_c__Binatia_Zgenome
p16x60bins_8,0.124466522,p16x60bins_8,p__Binatota,3_c__Binatia,3_c__Binatia_Zgenome
jk18x7bins_52,0.0173675,jk18x7bins_52,p__Binatota,3_c__Binatia,3_c__Binatia_AK00222
p16x34bins_64,0.0100548,p16x34bins_64,p__Binatota,3_c__Binatia,3_c__Binatia_AK00222
p16x60bins_8,0.0164534,p16x60bins_8,p__Binatota,3_c__Binatia,3_c__Binatia_AK00222
jk18x7bins_52,0.0259664,jk18x7bins_52,p__Binatota,3_c__Binatia,3_c__Binatia_EK01852
p16x34bins_64,0.0374742,p16x34bins_64,p__Binatota,3_c__Binatia,3_c__Binatia_EK01852
p16x60bins_8,0.0330481,p16x60bins_8,p__Binatota,3_c__Binatia,3_c__Binatia_EK01852
jk18x7bins_52,0.0023603,jk18x7bins_52,p__Binatota,3_c__Binatia,3_c__Binatia_CK05917
p16x34bins_64,0.0023603,p16x34bins_64,p__Binatota,3_c__Binatia,3_c__Binatia_CK05917
p16x60bins_8,0.0023603,p16x60bins_8,p__Binatota,3_c__Binatia,3_c__Binatia_CK05917
jk18x1bzbins_41,0.114996733,jk18x1bzbins_41,p__Chloroflexota,4_c__Dehalococcoidia,4_c__Dehalococcoidia_Zgenome
jk18x22bins_80,0.131792288,jk18x22bins_80,p__Chloroflexota,4_c__Dehalococcoidia,4_c__Dehalococcoidia_Zgenome
jk18x25bins_9,0.126596644,jk18x25bins_9,p__Chloroflexota,4_c__Dehalococcoidia,4_c__Dehalococcoidia_Zgenome
jk18x34bins_13,0.139604334,jk18x34bins_13,p__Chloroflexota,4_c__Dehalococcoidia,4_c__Dehalococcoidia_Zgenome
p16x63bins_52,0.128409477,p16x63bins_52,p__Chloroflexota,4_c__Dehalococcoidia,4_c__Dehalococcoidia_Zgenome
jk18x1bzbins_41,0.1431176,jk18x1bzbins_41,p__Chloroflexota,4_c__Dehalococcoidia,4_c__Dehalococcoidia_AK00222
jk18x22bins_80,0.1750228,jk18x22bins_80,p__Chloroflexota,4_c__Dehalococcoidia,4_c__Dehalococcoidia_AK00222
jk18x25bins_9,0.1011851,jk18x25bins_9,p__Chloroflexota,4_c__Dehalococcoidia,4_c__Dehalococcoidia_AK00222
jk18x34bins_13,0.1752577,jk18x34bins_13,p__Chloroflexota,4_c__Dehalococcoidia,4_c__Dehalococcoidia_AK00222
p16x63bins_52,0.1171509,p16x63bins_52,p__Chloroflexota,4_c__Dehalococcoidia,4_c__Dehalococcoidia_AK00222
jk18x1bzbins_41,0.102801,jk18x1bzbins_41,p__Chloroflexota,4_c__Dehalococcoidia,4_c__Dehalococcoidia_EK01852
jk18x22bins_80,0.1216014,jk18x22bins_80,p__Chloroflexota,4_c__Dehalococcoidia,4_c__Dehalococcoidia_EK01852
jk18x25bins_9,0.0824619,jk18x25bins_9,p__Chloroflexota,4_c__Dehalococcoidia,4_c__Dehalococcoidia_EK01852
jk18x34bins_13,0.0912863,jk18x34bins_13,p__Chloroflexota,4_c__Dehalococcoidia,4_c__Dehalococcoidia_EK01852
p16x63bins_52,0.0587363,p16x63bins_52,p__Chloroflexota,4_c__Dehalococcoidia,4_c__Dehalococcoidia_EK01852
jk18x1bzbins_41,0.1174352,jk18x1bzbins_41,p__Chloroflexota,4_c__Dehalococcoidia,4_c__Dehalococcoidia_CK05917
jk18x22bins_80,0.1606628,jk18x22bins_80,p__Chloroflexota,4_c__Dehalococcoidia,4_c__Dehalococcoidia_CK05917
jk18x25bins_9,0.1051873,jk18x25bins_9,p__Chloroflexota,4_c__Dehalococcoidia,4_c__Dehalococcoidia_CK05917
jk18x34bins_13,0.0814121,jk18x34bins_13,p__Chloroflexota,4_c__Dehalococcoidia,4_c__Dehalococcoidia_CK05917
p16x63bins_52,0.0722978,p16x63bins_52,p__Chloroflexota,4_c__Dehalococcoidia,4_c__Dehalococcoidia_CK05917
jk18x22bins_71,0.127968508,jk18x22bins_71,p__Nitrospirota,5_c__Nitrospiria,5_c__Nitrospiria_Zgenome
jk18x40bins_30,0.099172679,jk18x40bins_30,p__Nitrospirota,5_c__Nitrospiria,5_c__Nitrospiria_Zgenome
jk18xAbins_40,0.12475703,jk18xAbins_40,p__Nitrospirota,5_c__Nitrospiria,5_c__Nitrospiria_Zgenome
p16x63bins_32,0.11987515,p16x63bins_32,p__Nitrospirota,5_c__Nitrospiria,5_c__Nitrospiria_Zgenome
jk18x22bins_71,0.0590909,jk18x22bins_71,p__Nitrospirota,5_c__Nitrospiria,5_c__Nitrospiria_AK00222
jk18x40bins_30,0.0453309,jk18x40bins_30,p__Nitrospirota,5_c__Nitrospiria,5_c__Nitrospiria_AK00222
jk18xAbins_40,0.0481818,jk18xAbins_40,p__Nitrospirota,5_c__Nitrospiria,5_c__Nitrospiria_AK00222
p16x63bins_32,0.0736364,p16x63bins_32,p__Nitrospirota,5_c__Nitrospiria,5_c__Nitrospiria_AK00222
jk18x22bins_71,0.0460721,jk18x22bins_71,p__Nitrospirota,5_c__Nitrospiria,5_c__Nitrospiria_EK01852
jk18x40bins_30,0.0469958,jk18x40bins_30,p__Nitrospirota,5_c__Nitrospiria,5_c__Nitrospiria_EK01852
jk18xAbins_40,0.0404607,jk18xAbins_40,p__Nitrospirota,5_c__Nitrospiria,5_c__Nitrospiria_EK01852
p16x63bins_32,0.0430806,p16x63bins_32,p__Nitrospirota,5_c__Nitrospiria,5_c__Nitrospiria_EK01852
jk18x22bins_71,0.0106458,jk18x22bins_71,p__Nitrospirota,5_c__Nitrospiria,5_c__Nitrospiria_CK05917
jk18x40bins_30,0.0269695,jk18x40bins_30,p__Nitrospirota,5_c__Nitrospiria,5_c__Nitrospiria_CK05917
jk18xAbins_40,0.0134847,jk18xAbins_40,p__Nitrospirota,5_c__Nitrospiria,5_c__Nitrospiria_CK05917
p16x63bins_32,0.0106458,p16x63bins_32,p__Nitrospirota,5_c__Nitrospiria,5_c__Nitrospiria_CK05917
jk18x11bins_2,0.0786502,jk18x11bins_2,p__Bacteroidota,6_c__Rhodothermia,6_c__Rhodothermia_Zgenome
jk18x11bins_48,0.069340732,jk18x11bins_48,p__Bacteroidota,6_c__Rhodothermia,6_c__Rhodothermia_Zgenome
jk18x22bins_66,0.070227995,jk18x22bins_66,p__Bacteroidota,6_c__Rhodothermia,6_c__Rhodothermia_Zgenome
jk18x25bins_61,0.08275439,jk18x25bins_61,p__Bacteroidota,6_c__Rhodothermia,6_c__Rhodothermia_Zgenome
jk18x34bins_15,0.084312635,jk18x34bins_15,p__Bacteroidota,6_c__Rhodothermia,6_c__Rhodothermia_Zgenome
jk18xAbins_42,0.069373148,jk18xAbins_42,p__Bacteroidota,6_c__Rhodothermia,6_c__Rhodothermia_Zgenome
p16x43bins_4,0.065247881,p16x43bins_4,p__Bacteroidota,6_c__Rhodothermia,6_c__Rhodothermia_Zgenome
p16x63bins_1,0.066178605,p16x63bins_1,p__Bacteroidota,6_c__Rhodothermia,6_c__Rhodothermia_Zgenome
jk18x11bins_2,0.0490909,jk18x11bins_2,p__Bacteroidota,6_c__Rhodothermia,6_c__Rhodothermia_AK00222
jk18x11bins_48,0.0358079,jk18x11bins_48,p__Bacteroidota,6_c__Rhodothermia,6_c__Rhodothermia_AK00222
jk18x22bins_66,0.0437828,jk18x22bins_66,p__Bacteroidota,6_c__Rhodothermia,6_c__Rhodothermia_AK00222
jk18x25bins_61,0.0509091,jk18x25bins_61,p__Bacteroidota,6_c__Rhodothermia,6_c__Rhodothermia_AK00222
jk18x34bins_15,0.0536364,jk18x34bins_15,p__Bacteroidota,6_c__Rhodothermia,6_c__Rhodothermia_AK00222
jk18xAbins_42,0.0525394,jk18xAbins_42,p__Bacteroidota,6_c__Rhodothermia,6_c__Rhodothermia_AK00222
p16x43bins_4,0.0297723,p16x43bins_4,p__Bacteroidota,6_c__Rhodothermia,6_c__Rhodothermia_AK00222
p16x63bins_1,0.0367776,p16x63bins_1,p__Bacteroidota,6_c__Rhodothermia,6_c__Rhodothermia_AK00222
jk18x11bins_2,0.0266515,jk18x11bins_2,p__Bacteroidota,6_c__Rhodothermia,6_c__Rhodothermia_EK01852
jk18x11bins_48,0.0334311,jk18x11bins_48,p__Bacteroidota,6_c__Rhodothermia,6_c__Rhodothermia_EK01852
jk18x22bins_66,0.0355389,jk18x22bins_66,p__Bacteroidota,6_c__Rhodothermia,6_c__Rhodothermia_EK01852
jk18x25bins_61,0.0283212,jk18x25bins_61,p__Bacteroidota,6_c__Rhodothermia,6_c__Rhodothermia_EK01852
jk18x34bins_15,0.0315882,jk18x34bins_15,p__Bacteroidota,6_c__Rhodothermia,6_c__Rhodothermia_EK01852
jk18xAbins_42,0.0366946,jk18xAbins_42,p__Bacteroidota,6_c__Rhodothermia,6_c__Rhodothermia_EK01852
p16x43bins_4,0.0300231,p16x43bins_4,p__Bacteroidota,6_c__Rhodothermia,6_c__Rhodothermia_EK01852
p16x63bins_1,0.0329385,p16x63bins_1,p__Bacteroidota,6_c__Rhodothermia,6_c__Rhodothermia_EK01852
jk18x11bins_2,0.0039246,jk18x11bins_2,p__Bacteroidota,6_c__Rhodothermia,6_c__Rhodothermia_CK05917
jk18x11bins_48,0.0362582,jk18x11bins_48,p__Bacteroidota,6_c__Rhodothermia,6_c__Rhodothermia_CK05917
jk18x22bins_66,0.0391588,jk18x22bins_66,p__Bacteroidota,6_c__Rhodothermia,6_c__Rhodothermia_CK05917
jk18x25bins_61,0.0169972,jk18x25bins_61,p__Bacteroidota,6_c__Rhodothermia,6_c__Rhodothermia_CK05917
jk18x34bins_15,0.0191218,jk18x34bins_15,p__Bacteroidota,6_c__Rhodothermia,6_c__Rhodothermia_CK05917
jk18xAbins_42,0.0362582,jk18xAbins_42,p__Bacteroidota,6_c__Rhodothermia,6_c__Rhodothermia_CK05917
p16x43bins_4,0.0297317,p16x43bins_4,p__Bacteroidota,6_c__Rhodothermia,6_c__Rhodothermia_CK05917
p16x63bins_1,0.0345821,p16x63bins_1,p__Bacteroidota,6_c__Rhodothermia,6_c__Rhodothermia_CK05917